,,,,,TestName,Presence Rivet 1,Presence Rivet 2,Presence Rivet 3,Presence Rivet 4,Presence Rivet 5,Presence Rivet 6,Presence Rivet 7,Presence Rivet 8,UUT Current Measurment,24 VDC Measurment,5 VDC Measurment,3.3 VDC Measurment,5V_Pressure_Transducer Measurment,VDC w/18 VAC Power,VDC w/7 VAC Power,Program & Verify Hardware,Hardware Number,Program & Verify Serial Number,Verify Software Number,2.5V_Buf Reference,UIO1 Data Calibrated,UIO2 Data Calibrated,2.5V Reference Data Calibrated,UIO1 Calibration,UIO2 Calibration,2.5V Reference Calibration,UI1 Data Calibrated,UI2 Data Calibrated,UI3 Data Calibrated,UI4 Data Calibrated,UI5 Data Calibrated,UI6 Data Calibrated,UI7 Data Calibrated,UI1 Calibration,UI2 Calibration,UI3 Calibration,UI4 Calibration,UI5 Calibration,UI6 Calibration,UI7 Calibration,AO1 Data Calibrated,AO2 Data Calibrated,AO3 Data Calibrated,AO4 Data Calibrated,AO1 Calibration,AO2 Calibration,AO3 Calibration,AO4 Calibration,Binary Output 1 Led ON,Binary Output 2 Led ON,Binary Output 3 Led ON,Binary Output 4 Led ON,24 VAC Binary Output 1,24 VAC Binary Output 2,24 VAC Binary Output 3,24 VAC Binary Output 4,Binary Output 1 Led OFF,Binary Output 2 Led OFF,Binary Output 3 Led OFF,Binary Output 4 Led OFF,0 VAC Binary Output 1,0 VAC Binary Output 2,0 VAC Binary Output 3,0 VAC Binary Output 4,Binary Input 1 High,Binary Input 2 High,Binary Input 3 High,Binary Input 4 High,Binary Input 5 High,Binary Input 6 High,Binary Input 1 Low,Binary Input 2 Low,Binary Input 3 Low,Binary Input 4 Low,Binary Input 5 Low,Binary Input 6 Low,AO1 Voltage Output Mode 10V,AO2 Voltage Output Mode 10V,AO3 Voltage Output Mode 10V,AO4 Voltage Output Mode 10V,AO1 Voltage Output Mode 0V,AO2 Voltage Output Mode 0V,AO3 Voltage Output Mode 0V,AO4 Voltage Output Mode 0V,AO1 Current Output Mode 10 mA,AO2 Current Output Mode 10 mA,AO3 Current Output Mode 10 mA,AO4 Current Output Mode 10 mA,AO1 Current Output Mode 0 mA,AO2 Current Output Mode 0 mA,AO3 Current Output Mode 0 mA,AO4 Current Output Mode 0 mA,AO3 PWM Output Mode 80Hz,AO4 PWM Output Mode 80Hz,UI1 Voltage Input Mode 10V,UI2 Voltage Input Mode 10V,UI3 Voltage Input Mode 10V,UI4 Voltage Input Mode 10V,UI5 Voltage Input Mode 10V,UI6 Voltage Input Mode 10V,UI7 Voltage Input Mode 10V,UI1 Current Input Mode 10mA,UI2 Current Input Mode 10mA,UI3 Current Input Mode 10mA,UI4 Current Input Mode 10mA,UI5 Current Input Mode 10mA,UI6 Current Input Mode 10mA,UI7 Current Input Mode 10mA,UI1 Resistance Input Mode 10k,UI2 Resistance Input Mode 10k,UI3 Resistance Input Mode 10k,UI4 Resistance Input Mode 10k,UI5 Resistance Input Mode 10k,UI6 Resistance Input Mode 10k,UI7 Resistance Input Mode 10k,UIO1 Current Input Mode 10mA,UIO2 Current Input Mode 10mA,UIO1 Resistance Input Mode 10k,UIO2 Resistance Input Mode 10k,UIO1 Binary Input Mode "0",UIO2 Binary Input Mode "0",UIO1 Binary Input Mode "1",UIO2 Binary Input Mode "1",UIO1 Voltage Output Mode 10V,UIO2 Voltage Output Mode 10V,UIO1 Voltage Output Mode 0V,UIO2 Voltage Output Mode 0V,Rotary Address 1 SW1,Rotary Address 2 SW1,Rotary Address 3 SW1,Rotary Address 4 SW1,Rotary Address 5 SW1,Rotary Address 6 SW1,Rotary Address 7 SW1,Rotary Address 8 SW1,Rotary Address 9 SW1,Rotary Address 1 SW2,Rotary Address 2 SW2,Rotary Address 3 SW2,Rotary Address 4 SW2,Rotary Address 5 SW2,Rotary Address 6 SW2,Rotary Address 7 SW2,Rotary Address 8 SW2,Rotary Address 9 SW2,J11 Address J11.1,J11 Address J11.3,J11 Address J11.5,J11 Address J11.7
,,,,,LowLimit,Passed,Passed,Passed,Passed,Passed,Passed,Passed,Passed,0.0900,22.8000,4.7500,3.1350,4.9500,20.8000,0.0000,Passed,,Passed,,2250.00,,,,Passed,Passed,Passed,,,,,,,,Passed,Passed,Passed,Passed,Passed,Passed,Passed,,,,,Passed,Passed,Passed,Passed,1000,1000,1000,1000,22.80,22.80,22.80,22.80,-100,-100,-100,-100,0.00,0.00,0.00,0.00,Passed,Passed,Passed,Passed,Passed,Passed,Passed,Passed,Passed,Passed,Passed,Passed,9.85,9.85,9.85,9.85,-0.05,-0.05,-0.05,-0.05,9.75,9.75,9.75,9.75,-0.25,-0.25,-0.25,-0.25,79.20,79.20,9.90,9.90,9.90,9.90,9.90,9.90,9.90,9.85,9.85,9.85,9.85,9.85,9.85,9.85,9900,9900,9900,9900,9900,9900,9900,9.85,9.85,9900,9900,Passed,Passed,Passed,Passed,9.80,9.80,-0.05,-0.05,10,10,10,10,10,10,10,10,10,1,1,1,1,1,1,1,1,1,80,80,80,80
,,,,,HighLimit,Passed,Passed,Passed,Passed,Passed,Passed,Passed,Passed,0.2000,27.2000,5.2500,3.4650,5.1500,25.2000,24.0000,Passed,,Passed,,2750.00,,,,Passed,Passed,Passed,,,,,,,,Passed,Passed,Passed,Passed,Passed,Passed,Passed,,,,,Passed,Passed,Passed,Passed,100000,100000,100000,100000,25.20,25.20,25.20,25.20,100,100,100,100,1.20,1.20,1.20,1.20,Passed,Passed,Passed,Passed,Passed,Passed,Passed,Passed,Passed,Passed,Passed,Passed,10.15,10.15,10.15,10.15,0.05,0.05,0.05,0.05,10.25,10.25,10.25,10.25,0.25,0.25,0.25,0.25,80.80,80.80,10.10,10.10,10.10,10.10,10.10,10.10,10.10,10.15,10.15,10.15,10.15,10.15,10.15,10.15,10100,10100,10100,10100,10100,10100,10100,10.15,10.15,10100,10100,Passed,Passed,Passed,Passed,10.20,10.20,1.00,1.00,90,90,90,90,90,90,90,90,90,19,19,19,19,19,19,19,19,19,89,88,86,82
,,,,,Units,,,,,,,,,A,VDC,VDC,VDC,VDC,VDC,VDC,,,,,mV,,,,,,,,,,,,,,,,,,,,,,,,,,,,,Lm,Lm,Lm,Lm,VAC,VAC,VAC,VAC,Lm,Lm,Lm,Lm,VAC,VAC,VAC,VAC,,,,,,,,,,,,,VDC,VDC,VDC,VDC,VDC,VDC,VDC,VDC,mADC,mADC,mADC,mADC,mADC,mADC,mADC,mADC,Hz,Hz,VDC,VDC,VDC,VDC,VDC,VDC,VDC,mADC,mADC,mADC,mADC,mADC,mADC,mADC,Ohms,Ohms,Ohms,Ohms,Ohms,Ohms,Ohms,mADC,mADC,Ohms,Ohms,,,,,VDC,VDC,VDC,VDC,counts,counts,counts,counts,counts,counts,counts,counts,counts,counts,counts,counts,counts,counts,counts,counts,counts,counts,counts,counts,counts,counts
SN,Date,CycleTime,Nest,Status,FirstFail
S230400043,26/01/2023 12:02:47 a. m.,345.49s,2,Passed,,Passed,Passed,Passed,Passed,Passed,Passed,Passed,Passed,0.1545,24.8252,4.9966,3.3131,5.0660,23.2138,16.3085,Passed,400312202,Passed,014565,2493.04,024F44EE0007574300019C1A000426E8,025044ABFFF256FDFFEE9C20FFEC26ED,025D9BD1,Passed,Passed,Passed,0251D96177630B626E2200068A180005,0252D9B577800B676DCF0004899D0002,0253D97F77660B616E2700038A310002,0254D99B77850B636E1300098A060007,0255D95B776A0B666DFD000389EA0000,0256D9D877B60B7F6DA0FFF18958FFF1,0257D96E77730B646DBC000889A70006,Passed,Passed,Passed,Passed,Passed,Passed,Passed,02586DFD000B,02596E23FFF4,025A6E1EFFF5,025B6DD50006,Passed,Passed,Passed,Passed,17336,9782,52612,42754,23.94,23.94,23.94,23.96,0,0,0,0,0.09,0.11,0.11,0.10,Passed,Passed,Passed,Passed,Passed,Passed,Passed,Passed,Passed,Passed,Passed,Passed,10.06,10.02,9.99,10.03,0.01,0.01,0.01,0.00,10.07,10.05,10.08,10.06,0.00,0.00,0.00,0.00,80.00,80.00,10.05,10.05,10.05,10.05,10.05,10.05,10.05,10.01,10.00,10.00,10.00,10.00,10.00,10.00,9999,9998,10000,10000,10000,9999,10010,10.01,10.01,10014,10017,Passed,Passed,Passed,Passed,9.98,9.99,0.01,0.01,10,20,30,40,50,40,60,70,80,1,2,3,4,5,6,7,8,9,89,88,86,82
S230400011,26/01/2023 12:11:53 a. m.,252.04s,2,Failed,,Passed,Passed,Passed,Passed,Passed,Passed,Passed,Passed,0.1518,25.0268,5.0019,3.3163,5.0528,23.6502,16.4204,Passed,400312202,Passed,014565,2493.49,024F448F0005572F00019C37000226D4,025044C3FFF15759FFEA9C34FFF126D4,025D9BD8,Passed,Passed,Passed,0251D94877490B5F6E04000589FC0004,0252D97A77790B686E3800048A230002,0253D99377800B666DED000289F20001,0254D93177330B596E4600068A490006,0255D97C776E0B646E4300028A520002,0256D96F77740B776E0DFFF18A0FFFF1,0257D90577270B5A6E4600088A440008,Passed,Passed,Passed,Passed,Passed,Passed,Passed,02586E3B0009,02596E4AFFF4,025A6E25FFF6,025B6E590006,Passed,Passed,Passed,Passed,16878,,,,,,,,,,,,,,,,,,,,,,,,,,,,,,,,,,,,,,,,,,,,,,,,,,,,,,,,,,,,,,,,,,,,,,,,,,,,,,,,,,,,,,,,,,,,,,,,,,,,
S230400018,26/01/2023 12:17:52 a. m.,346.93s,2,Passed,,Passed,Passed,Passed,Passed,Passed,Passed,Passed,Passed,0.1545,25.0426,4.9964,3.3137,5.0592,23.4392,16.4299,Passed,400312202,Passed,014565,2494.78,024F44CF0007570EFFFF9C24000026E4,025044B0FFF15727FFED9C2CFFEE26ED,025D9BEC,Passed,Passed,Passed,0251D970774F0B5E6E0500068A010006,0252D91B772D0B5E6E2000048A2C0004,0253D95C776E0B656E05000289F30003,0254D94D774A0B5C6E1B00088A3B0007,0255D9BF778F0B676DE7000389DB0001,0256D97477710B766E11FFF18A06FFF0,0257D97A77640B606E1A00088A150008,Passed,Passed,Passed,Passed,Passed,Passed,Passed,02586E31000A,02596DFEFFF4,025A6DFEFFF6,025B6E090007,Passed,Passed,Passed,Passed,15932,11044,53861,41798,23.94,23.94,23.94,23.96,0,0,0,0,0.07,0.09,0.09,0.08,Passed,Passed,Passed,Passed,Passed,Passed,Passed,Passed,Passed,Passed,Passed,Passed,10.06,10.02,9.87,10.03,0.01,0.01,0.01,0.01,10.04,10.03,9.99,9.99,0.01,0.01,0.00,0.00,80.00,80.00,10.05,10.05,10.05,10.05,10.05,10.05,10.05,10.01,10.00,10.00,10.00,10.00,10.00,10.00,9993,9993,9995,9996,9996,9995,10005,10.01,10.01,10000,10015,Passed,Passed,Passed,Passed,9.99,9.99,0.01,0.01,10,20,30,40,50,60,70,80,90,1,2,3,4,5,4,6,7,8,89,88,86,82
S230400271,26/01/2023 12:23:23 a. m.,256.88s,2,Failed,Binary Input 5 High,Passed,Passed,Passed,Passed,Passed,Passed,Passed,Passed,0.1562,24.7320,4.9984,3.3185,5.0568,23.5695,16.6865,Passed,400312202,Passed,014565,2496.37,024F44BE0009572500009C40000726E7,02504505FFF1572EFFEC9C44FFF726E1,025D9C06,Passed,Passed,Passed,0251D97D776A0B626E3100078A230007,0252D97577680B666E1900048A140002,0253D9DB77AB0B6A6DBD000489940004,0254D9B177790B5F6DD0000989B00009,0255D98B775C0B616E4100028A310002,0256D9AE77890B776DCEFFF389B5FFF1,0257D91777440B606E0700078A010007,Passed,Passed,Passed,Passed,Passed,Passed,Passed,02586E2D000C,02596E46FFF4,025A6E4EFFF7,025B6E1A0006,Passed,Passed,Passed,Passed,14941,10423,45441,44665,23.94,23.94,23.94,23.96,0,0,0,0,0.07,0.09,0.08,0.07,Passed,Passed,Passed,Passed,Failed,,,,,,,,,,,,,,,,,,,,,,,,,,,,,,,,,,,,,,,,,,,,,,,,,,,,,,,,,,,,,,,,,,,,,,,,,,,,,,,,
S230400295,26/01/2023 12:48:13 a. m.,340.66s,2,Passed,,Passed,Passed,Passed,Passed,Passed,Passed,Passed,Passed,0.1564,25.0300,4.9953,3.3159,5.0787,23.7321,16.5152,Passed,400312202,Passed,014565,2492.97,024F44B400085752FFFF9C1F000E26CA,0250449AFFEF5737FFEB9C2CFFEB26E1,025D9BD0,Passed,Passed,Passed,0251D97177540B5F6DBF000589990005,0252D99B778B0B6A6DD6000589BB0004,0253D9B277870B666E1900038A0B0002,0254D989775D0B5D6DC8000A89AC0008,0255D9A277990B6C6DC4000389B40001,0256D9F177B70B7E6E0FFFF089F9FFF0,0257D9A1778D0B666DEC000989C30009,Passed,Passed,Passed,Passed,Passed,Passed,Passed,02586E3F000A,02596E4AFFF3,025A6E41FFF5,025B6E2A0006,Passed,Passed,Passed,Passed,17108,11647,49671,48287,23.94,23.94,23.94,23.96,0,0,0,0,0.11,0.13,0.12,0.11,Passed,Passed,Passed,Passed,Passed,Passed,Passed,Passed,Passed,Passed,Passed,Passed,10.05,10.03,9.89,10.04,0.01,0.01,0.01,0.01,10.10,9.95,10.15,10.04,0.02,0.02,0.03,0.00,80.00,80.00,10.05,10.05,10.05,10.05,10.05,10.05,10.05,10.01,10.00,10.00,10.00,10.00,10.00,10.00,9999,9998,10000,10000,10001,10000,10011,10.01,10.01,9989,10024,Passed,Passed,Passed,Passed,10.00,10.01,0.01,0.01,10,20,30,40,50,60,70,80,90,1,2,3,4,5,6,7,8,9,89,88,86,82
S230400271,26/01/2023 12:54:17 a. m.,256.29s,2,Failed,Binary Input 5 High,Passed,Passed,Passed,Passed,Passed,Passed,Passed,Passed,0.1718,24.7148,4.9984,3.3182,5.0568,22.7651,15.4727,Passed,400312202,Passed,014565,2494.50,024F44BE0008572400029C40000326D6,02504503FFF2572EFFEA9C46FFEB26D7,025D9BE8,Passed,Passed,Passed,0251D97D776B0B626E2F00088A260006,0252D972776A0B666E1900048A0B0004,0253D9DB77AD0B6A6DBB000489940004,0254D9B2777A0B5F6DCE000889AB0009,0255D98A775E0B616E4200018A300002,0256D9AE778A0B786DCEFFF189B1FFF1,0257D91677460B606E05000889FD0008,Passed,Passed,Passed,Passed,Passed,Passed,Passed,02586E2D000B,02596E44FFF4,025A6E4FFFF5,025B6E1A0006,Passed,Passed,Passed,Passed,15193,10423,46190,44665,23.94,23.94,23.94,23.96,0,0,0,0,0.08,0.10,0.09,0.08,Passed,Passed,Passed,Passed,Failed,,,,,,,,,,,,,,,,,,,,,,,,,,,,,,,,,,,,,,,,,,,,,,,,,,,,,,,,,,,,,,,,,,,,,,,,,,,,,,,,
S230400087,26/01/2023 12:59:23 a. m.,258.41s,2,Failed,Binary Input 5 High,Passed,Passed,Passed,Passed,Passed,Passed,Passed,Passed,0.1553,24.9578,5.0062,3.3315,5.0712,23.5595,16.5941,Passed,400312202,Passed,014565,2497.90,024F452C0006573CFFFE9C79000426D5,025044D6FFF0576FFFEB9C7DFFE626D7,025D9C1E,Passed,Passed,Passed,0251DA5377E10B6F6E2700068A1E0005,0252D9EA77AB0B6D6E07000389EE0003,0253DA3877BF0B6A6E1B00038A190003,0254DA2577BB0B666E2100078A320009,0255DA5177E00B716DE7000289D60001,0256DA9077FD0B836E32FFF18A3BFFF0,0257D9B977910B666E0B000989F20007,Passed,Passed,Passed,Passed,Passed,Passed,Passed,02586EDA000B,02596E54FFF4,025A6E4AFFF5,025B6E740005,Passed,Passed,Passed,Passed,18862,13083,53939,47076,23.94,23.94,23.94,23.96,0,0,0,0,0.11,0.12,0.11,0.09,Passed,Passed,Passed,Passed,Failed,,,,,,,,,,,,,,,,,,,,,,,,,,,,,,,,,,,,,,,,,,,,,,,,,,,,,,,,,,,,,,,,,,,,,,,,,,,,,,,,
S230400027,26/01/2023 01:37:52 a. m.,257.40s,2,Failed,Binary Input 5 High,Passed,Passed,Passed,Passed,Passed,Passed,Passed,Passed,0.1547,24.8804,4.9945,3.2997,5.0574,23.5409,16.4050,Passed,400312202,Passed,014565,2491.45,024F44A80009572300019BF3000426C8,0250450CFFF35741FFED9BF1FFF626EF,025D9BB7,Passed,Passed,Passed,0251D88076CB0B516DF3000689C80006,0252D87B76D70B586E20000489F70003,0253D8BD76F60B566DBB0004899D0003,0254D90A772A0B596E4700088A440009,0255D89876F10B5A6DA2000289720002,0256D8C277010B6A6E08FFF28A07FFF0,0257D8DF770A0B586DA6000889860007,Passed,Passed,Passed,Passed,Passed,Passed,Passed,02586DE5000B,02596E2EFFF6,025A6E67FFF5,025B6E360006,Passed,Passed,Passed,Passed,17108,16173,55077,39975,23.94,23.94,23.94,23.96,0,0,0,0,0.09,0.10,0.09,0.07,Passed,Passed,Passed,Passed,Failed,,,,,,,,,,,,,,,,,,,,,,,,,,,,,,,,,,,,,,,,,,,,,,,,,,,,,,,,,,,,,,,,,,,,,,,,,,,,,,,,
S230400027,26/01/2023 01:43:47 a. m.,252.56s,2,Failed,Binary Input 5 High,Passed,Passed,Passed,Passed,Passed,Passed,Passed,Passed,0.1709,24.9066,4.9945,3.2989,5.0575,22.5207,15.4148,Passed,400312202,Passed,014565,2490.30,024F44A80008572100029BF8FFFA26C7,0250450AFFF3573FFFEC9BF7FFF526E6,025D9BA5,Passed,Passed,Passed,0251D88076CD0B516DF2000789C90006,0252D87776DA0B586E20000389F80003,0253D8BC76F80B576DBA000489930003,0254D90B772A0B596E4600088A440009,0255D89576F30B596DA3000289730002,0256D8C277030B6A6E07FFF28A02FFF0,0257D8DE770A0B586DA6000789860007,Passed,Passed,Passed,Passed,Passed,Passed,Passed,02586DE5000B,02596E2DFFF6,025A6E66FFF5,025B6E360006,Passed,Passed,Passed,Passed,17108,16173,54817,40352,23.94,23.94,23.94,23.96,0,0,0,0,0.09,0.11,0.11,0.11,Passed,Passed,Passed,Passed,Failed,,,,,,,,,,,,,,,,,,,,,,,,,,,,,,,,,,,,,,,,,,,,,,,,,,,,,,,,,,,,,,,,,,,,,,,,,,,,,,,,
S230400056,26/01/2023 01:50:48 a. m.,337.94s,2,Passed,,Passed,Passed,Passed,Passed,Passed,Passed,Passed,Passed,0.1545,24.8556,5.0023,3.3064,5.0645,23.1995,16.1892,Passed,400312202,Passed,014565,2495.14,024F44BF0005575400009C56FFF926C3,025044B7FFEF577FFFEA9C54FFE826E3,025D9BF2,Passed,Passed,Passed,0251D92A77460B5F6DFA000689E50006,0252D8B7770F0B5E6E4B00048A400004,0253D8AA76F90B586DD1000289A20003,0254D8FD772F0B5B6DE4000789BA0007,0255D8EB77300B606E4300038A3F0001,0256D8D7771A0B6E6E48FFF28A3FFFF1,0257D90477360B5D6E0E00088A020008,Passed,Passed,Passed,Passed,Passed,Passed,Passed,02586E8D0009,02596E54FFF4,025A6E60FFF4,025B6E700006,Passed,Passed,Passed,Passed,16410,10105,50561,41016,23.94,23.94,23.94,23.96,0,0,0,0,0.08,0.10,0.10,0.09,Passed,Passed,Passed,Passed,Passed,Passed,Passed,Passed,Passed,Passed,Passed,Passed,10.03,10.02,10.00,10.03,0.01,0.01,0.00,0.00,10.01,9.99,10.05,10.07,0.00,0.00,0.00,0.00,80.00,80.00,10.05,10.05,10.05,10.05,10.05,10.05,10.05,10.01,10.00,10.00,10.00,10.00,10.00,10.00,10001,10001,10003,10001,10003,10002,10011,10.01,10.01,9980,10032,Passed,Passed,Passed,Passed,9.97,9.99,0.01,0.01,10,20,30,40,50,60,70,80,90,1,2,3,4,5,6,7,8,9,89,88,86,82
S230400013,26/01/2023 02:10:48 a. m.,255.87s,2,Failed,Binary Input 5 High,Passed,Passed,Passed,Passed,Passed,Passed,Passed,Passed,0.1547,24.7660,4.9947,3.3203,5.0696,23.2929,16.1058,Passed,400312202,Passed,014565,2495.86,024F44AB0007574400029C3C000826D6,02504490FFF15767FFEE9C4CFFE726EB,025D9BFE,Passed,Passed,Passed,0251D9B2778B0B656E00000689CE0007,0252D98877820B6A6E5D00038A4D0003,0253D99477700B626E5A00038A720003,0254D9E677940B626DE4000889E00009,0255D9CE779D0B6A6E2800018A3F0001,0256D97677790B776E4CFFF38A53FFF1,0257D94A77500B606DF5000789DB0008,Passed,Passed,Passed,Passed,Passed,Passed,Passed,02586DE3000A,02596DF3FFF5,025A6E46FFF5,025B6DFD0005,Passed,Passed,Passed,Passed,17336,11044,49479,45324,23.94,23.94,23.94,23.96,0,0,0,0,0.11,0.13,0.12,0.11,Passed,Passed,Passed,Passed,Failed,,,,,,,,,,,,,,,,,,,,,,,,,,,,,,,,,,,,,,,,,,,,,,,,,,,,,,,,,,,,,,,,,,,,,,,,,,,,,,,,
S230400087,26/01/2023 02:15:52 a. m.,253.84s,2,Failed,Binary Input 5 High,Passed,Passed,Passed,Passed,Passed,Passed,Passed,Passed,0.1701,24.9459,5.0062,3.3308,5.0713,22.6262,15.3679,Passed,400312202,Passed,014565,2499.62,024F452D0007573C00019C76000626D8,025044D5FFF35771FFEC9C79FFF126DC,025D9C3A,Passed,Passed,Passed,0251DA4C77DF0B6E6E2900048A190007,0252D9E377AA0B6D6E08000489F40003,0253DA3177BC0B696E1B00048A180003,0254DA1E77B80B656E2100088A350009,0255DA4A77DF0B706DE7000189D20002,0256DA8877FA0B826E32FFF18A3AFFF1,0257D9B2778F0B666E0B000989F40008,Passed,Passed,Passed,Passed,Passed,Passed,Passed,02586EDC000B,02596E57FFF5,025A6E4CFFF5,025B6E760005,Passed,Passed,Passed,Passed,19278,13359,55224,46359,23.94,23.94,23.94,23.96,0,0,0,0,0.10,0.12,0.11,0.10,Passed,Passed,Passed,Passed,Failed,,,,,,,,,,,,,,,,,,,,,,,,,,,,,,,,,,,,,,,,,,,,,,,,,,,,,,,,,,,,,,,,,,,,,,,,,,,,,,,,
S230400087,26/01/2023 02:22:02 a. m.,336.43s,1,Passed,,Passed,Passed,Passed,Passed,Passed,Passed,Passed,Passed,0.1693,25.0232,5.0057,3.3306,5.0717,22.6739,15.4060,Passed,400312202,Passed,014565,2499.44,024F452A0006573BFFFF9C79FFFF26D4,025044D5FFF15771FFE89C7DFFE926E0,025D9C37,Passed,Passed,Passed,0251DA4F77E20B6F6E2800058A1B0005,0252D9DE77AA0B6C6E0C000489F40003,0253DA3477C60B6C6E1F00028A1C0002,0254DA2077BE0B686E2500078A370008,0255DA4D77DF0B716DE8000389D40002,0256DA8C78070B846E33FFF18A38FFF1,0257D9B477940B666E0E000889F50008,Passed,Passed,Passed,Passed,Passed,Passed,Passed,02586EDE0009,02596E7BFFF0,025A6E4EFFF4,025B6E770006,Passed,Passed,Passed,Passed,33184,42821,36134,42821,23.93,23.93,23.93,23.95,0,0,0,0,0.18,0.18,0.14,0.13,Passed,Passed,Passed,Passed,Passed,Passed,Passed,Passed,Passed,Passed,Passed,Passed,10.05,10.02,10.04,10.05,0.01,0.01,0.01,0.01,10.12,10.13,10.03,10.11,0.01,0.02,0.00,0.01,80.00,80.00,10.10,10.10,10.10,10.10,10.10,10.10,10.10,10.01,10.01,10.01,10.01,10.01,10.01,10.01,9995,9999,9998,9999,10000,10001,10011,10.01,10.01,9996,10002,Passed,Passed,Passed,Passed,10.00,10.00,0.01,0.01,10,20,30,40,50,60,70,10,80,1,2,3,4,5,6,7,8,9,89,88,86,82
S230400178,26/01/2023 02:28:47 a. m.,348.27s,1,Passed,,Passed,Passed,Passed,Passed,Passed,Passed,Passed,Passed,0.1561,24.8722,4.9970,3.3265,5.0637,23.9033,17.3171,Passed,400312202,Passed,014565,2493.20,024F44ED0007572A00009C0F000326DB,0250447EFFF05731FFEC9C11FFED26E2,025D9BD3,Passed,Passed,Passed,0251DA1677CC0B6D6E16000589F90006,0252DA6677F00B716DD9000589C90004,0253DA4277C30B6A6DF4000389F90003,0254DA5A77F40B6F6DC9000989B30007,0255DA7077F40B736DC5000489A90002,0256DA0477B90B7C6DBFFFF1899EFFF0,0257DA2877E80B6F6E3800098A320008,Passed,Passed,Passed,Passed,Passed,Passed,Passed,02586E17000A,02596E99FFF1,025A6E3DFFF4,025B6DCB0006,Passed,Passed,Passed,Passed,27371,36766,34809,36766,23.93,23.93,23.93,23.95,0,0,0,0,0.18,0.18,0.13,0.11,Passed,Passed,Passed,Passed,Passed,Passed,Passed,Passed,Passed,Passed,Passed,Passed,10.05,10.02,10.06,10.04,0.00,0.01,0.00,0.00,10.11,10.08,10.12,10.06,0.00,0.00,0.00,0.00,80.00,80.00,10.10,10.10,10.10,10.10,10.10,10.10,10.10,10.01,10.01,10.01,10.01,10.01,10.01,10.01,9995,9995,9996,9996,9995,9997,10007,10.01,10.01,10007,10014,Passed,Passed,Passed,Passed,9.99,10.00,0.01,0.01,90,10,20,30,40,50,60,70,80,1,2,3,2,4,5,4,6,7,89,88,86,82
S230400271,26/01/2023 02:34:39 a. m.,334.35s,1,Passed,,Passed,Passed,Passed,Passed,Passed,Passed,Passed,Passed,0.1721,24.7301,4.9980,3.3179,5.0569,22.6737,15.4188,Passed,400312202,Passed,014565,2494.22,024F44BB0008572300019C41000426D1,02504501FFF3572CFFED9C44FFEE26D5,025D9BE4,Passed,Passed,Passed,0251D97E77680B626E3000068A200007,0252D97177690B646E1B00048A120004,0253D9DC77B00B6C6DBC000489920003,0254D9B6777D0B616DD0000A89AE0008,0255D98F77590B626E4100028A290003,0256D9B177930B7A6DCEFFF289B7FFF0,0257D91977460B5F6E06000889FF0008,Passed,Passed,Passed,Passed,Passed,Passed,Passed,02586E2F000A,02596E6AFFF1,025A6E50FFF6,025B6E1C0006,Passed,Passed,Passed,Passed,25624,32431,42145,32431,23.93,23.93,23.93,23.95,0,0,0,0,0.17,0.17,0.13,0.12,Passed,Passed,Passed,Passed,Passed,Passed,Passed,Passed,Passed,Passed,Passed,Passed,10.06,10.01,9.93,10.04,0.01,0.01,0.01,0.01,10.05,10.07,10.11,10.03,0.00,0.02,0.00,0.03,80.00,80.00,10.10,10.10,10.10,10.10,10.10,10.10,10.10,10.01,10.01,10.01,10.01,10.01,10.01,10.01,9996,9994,9997,9996,9995,9996,10007,10.01,10.01,10005,9997,Passed,Passed,Passed,Passed,9.97,9.99,0.01,0.01,10,20,30,40,50,40,60,70,80,1,2,3,4,5,6,7,3,8,89,88,86,82
S230400118,26/01/2023 02:39:15 a. m.,585.67s,2,Failed,Binary Input 5 High,Passed,Passed,Passed,Passed,Passed,Passed,Passed,Passed,0.1544,24.9699,4.9942,3.3296,5.0650,23.7674,16.6542,Passed,400312202,Passed,014565,2491.75,024F44B50008573600019BFD000026C5,0250449FFFF25717FFEA9C09FFE026E8,025D9BBC,Passed,Passed,Passed,0251DA9078060B726DC2000689810006,0252DAAD78110B776E0200038A060003,0253DA7377FE0B736DB10004897C0003,0254DA8777FD0B6E6DEB000989C90008,0255DAF678360B796E1E00028A280002,0256DAAA780C0B846D7CFFF18965FFF0,0257DA7977FA0B706DB70008898F0007,Passed,Passed,Passed,Passed,Passed,Passed,Passed,02586DAB000B,02596DEBFFF4,025A6E42FFF5,025B6DEC0006,Passed,Passed,Passed,Passed,15442,10423,50970,44604,23.94,23.94,23.94,23.96,0,0,0,0,0.07,0.09,0.08,0.07,Passed,Passed,Passed,Passed,Failed,,,,,,,,,,,,,,,,,,,,,,,,,,,,,,,,,,,,,,,,,,,,,,,,,,,,,,,,,,,,,,,,,,,,,,,,,,,,,,,,
S230400118,26/01/2023 02:44:54 a. m.,334.79s,1,Passed,,Passed,Passed,Passed,Passed,Passed,Passed,Passed,Passed,0.1687,25.0370,4.9936,3.3284,5.0652,22.8279,15.7402,Passed,400312202,Passed,014565,2491.80,024F44B40006573400029BFC000326C8,0250449FFFF15717FFEB9C02FFE926ED,025D9BBD,Passed,Passed,Passed,0251DA8578000B716DC30006897F0005,0252DA9E780F0B756E0700038A030004,0253DA6977FE0B746DB40004897E0003,0254DA8077FB0B6F6DEF000989C60009,0255DAEF78310B796E2000028A2E0001,0256DAA278120B856D7EFFF18967FFF0,0257DA7177F90B6F6DB90008898D0008,Passed,Passed,Passed,Passed,Passed,Passed,Passed,02586DAD000B,02596E11FFF0,025A6E45FFF5,025B6DED0007,Passed,Passed,Passed,Passed,30359,39277,32864,39277,23.93,23.93,23.93,23.95,0,0,0,0,0.17,0.18,0.14,0.12,Passed,Passed,Passed,Passed,Passed,Passed,Passed,Passed,Passed,Passed,Passed,Passed,10.08,10.01,10.04,10.06,0.01,0.01,0.01,0.02,10.08,10.18,10.21,10.20,0.00,0.03,0.02,0.06,80.00,80.00,10.10,10.10,10.10,10.10,10.10,10.10,10.10,10.01,10.01,10.01,10.01,10.01,10.01,10.01,9998,9998,9999,9999,10000,9999,10009,10.01,10.01,9972,10026,Passed,Passed,Passed,Passed,10.01,10.00,0.01,0.01,10,20,30,20,40,50,60,70,30,1,2,3,4,5,6,7,8,9,89,88,86,82
S230400124,26/01/2023 02:53:02 a. m.,336.00s,1,Passed,,Passed,Passed,Passed,Passed,Passed,Passed,Passed,Passed,0.1554,24.9308,4.9985,3.3229,5.0676,24.1777,23.5390,Passed,400312202,Passed,014565,2495.11,024F44E50007574500019C52000226C8,0250449CFFF1574AFFEB9C54FFEE26E0,025D9BF2,Passed,Passed,Passed,0251D99977870B676E6800058A6D0006,0252D9CC778C0B676E5800038A5E0003,0253DA0577CC0B706E2300028A120003,0254D9AD77880B646DDE000789E70007,0255D9B077720B656E5200028A470001,0256D9E977BD0B7F6E09FFF189E7FFEF,0257D986777D0B646E8600088A890008,Passed,Passed,Passed,Passed,Passed,Passed,Passed,02586E520009,02596EA9FFF1,025A6E3CFFF4,025B6E4B0006,Passed,Passed,Passed,Passed,28592,39590,33498,39590,23.93,23.93,23.93,23.95,0,0,0,0,0.17,0.18,0.14,0.13,Passed,Passed,Passed,Passed,Passed,Passed,Passed,Passed,Passed,Passed,Passed,Passed,10.05,10.02,10.02,10.06,0.00,0.01,0.00,0.00,10.10,10.05,10.05,10.05,0.00,0.00,0.00,0.00,80.00,80.00,10.10,10.10,10.10,10.10,10.10,10.10,10.10,10.01,10.01,10.01,10.01,10.01,10.01,10.01,9994,9993,9998,9997,9998,9999,10007,10.01,10.01,9986,10020,Passed,Passed,Passed,Passed,9.99,10.00,0.01,0.01,10,20,30,40,50,60,70,80,90,1,2,3,2,4,5,6,7,8,89,88,86,82
S230400299,26/01/2023 03:00:39 a. m.,335.23s,1,Passed,,Passed,Passed,Passed,Passed,Passed,Passed,Passed,Passed,0.1541,25.0030,4.9917,3.3412,5.0577,23.7582,16.9502,Passed,400312202,Passed,014565,2490.27,024F44B00007572A00019BF2000226E1,025044B8FFF2571FFFED9BF7FFEC26DF,025D9BA4,Passed,Passed,Passed,0251DBD378A40B806DCD000589B20006,0252DB6278700B7E6DFF000289E60003,0253DB5378710B7D6DA4000389750003,0254DB5378720B7B6E4B00078A640007,0255DB4F785C0B7C6DB2000189830000,0256DB9578B10B966DD5FFF289C6FFF1,0257DB1278610B7C6DDE000789BC0006,Passed,Passed,Passed,Passed,Passed,Passed,Passed,02586DE5000B,02596E5CFFF2,025A6E14FFF5,025B6DC50005,Passed,Passed,Passed,Passed,31421,36498,37892,36498,23.93,23.93,23.93,23.95,0,0,0,0,0.17,0.18,0.13,0.12,Passed,Passed,Passed,Passed,Passed,Passed,Passed,Passed,Passed,Passed,Passed,Passed,10.08,10.02,10.11,10.06,0.01,0.01,0.01,0.00,10.17,10.05,10.16,10.06,0.00,0.02,0.00,0.00,80.00,80.00,10.10,10.10,10.10,10.10,10.10,10.10,10.10,10.01,10.01,10.01,10.01,10.01,10.01,10.01,9995,9996,9996,9995,9996,9996,10006,10.01,10.01,10010,10002,Passed,Passed,Passed,Passed,10.01,9.99,0.01,0.01,10,20,30,40,50,60,70,10,80,1,2,3,2,4,5,6,7,8,89,88,86,82
S230400274,26/01/2023 03:06:41 a. m.,335.25s,1,Passed,,Passed,Passed,Passed,Passed,Passed,Passed,Passed,Passed,0.1555,24.8446,4.9958,3.3119,5.0552,23.6835,16.4871,Passed,400312202,Passed,014565,2494.10,024F44910007573C00019C44000326CC,0250452FFFF25723FFEA9C4CFFE826DD,025D9BE2,Passed,Passed,Passed,0251D8E877160B5B6E01000589E20006,0252D91977240B5D6DE7000389E60004,0253D908772C0B5E6DA50003898C0002,0254D930774E0B606E3F00088A550008,0255D94B774B0B646DFF000289F00003,0256D972777C0B786DD1FFF189CAFFF1,0257D8FC77270B5A6DD6000889B20008,Passed,Passed,Passed,Passed,Passed,Passed,Passed,02586E2A000A,02596ED7FFF1,025A6E59FFF5,025B6E2F0007,Passed,Passed,Passed,Passed,28723,39975,42213,39975,23.93,23.93,23.93,23.95,0,0,0,0,0.17,0.17,0.13,0.11,Passed,Passed,Passed,Passed,Passed,Passed,Passed,Passed,Passed,Passed,Passed,Passed,10.06,10.00,10.04,10.03,0.01,0.01,0.00,0.00,10.13,10.08,10.01,10.11,0.01,0.02,0.00,0.00,80.00,80.00,10.10,10.10,10.10,10.10,10.10,10.10,10.10,10.01,10.01,10.01,10.01,10.01,10.01,10.01,9997,9999,9998,9998,9997,9998,10008,10.01,10.01,9995,10019,Passed,Passed,Passed,Passed,9.98,9.99,0.01,0.01,10,20,30,40,50,60,70,80,90,1,2,3,2,4,5,6,7,8,89,88,86,82
S230400253,26/01/2023 03:12:59 a. m.,334.53s,1,Passed,,Passed,Passed,Passed,Passed,Passed,Passed,Passed,Passed,0.1534,25.0517,4.9905,3.3132,5.0615,23.5009,16.7053,Passed,400312202,Passed,014565,2493.52,024F44E50008572B00029C33000326BE,025044BCFFF25720FFEC9C37FFED26E6,025D9BD8,Passed,Passed,Passed,0251D93777510B606DEB000689DC0007,0252D92B772E0B5E6DF4000489D40003,0253D94977430B5E6DF5000489F50003,0254D91377190B556DED000989DD0009,0255D91C77290B5F6DDD000289C00001,0256D94677570B736E4AFFF18A2DFFF1,0257D8F077210B5A6E4B00088A460008,Passed,Passed,Passed,Passed,Passed,Passed,Passed,02586DFC000B,02596E61FFF2,025A6E62FFF4,025B6E9F0006,Passed,Passed,Passed,Passed,31305,42145,40427,42145,23.93,23.93,23.93,23.95,0,0,0,0,0.17,0.17,0.13,0.11,Passed,Passed,Passed,Passed,Passed,Passed,Passed,Passed,Passed,Passed,Passed,Passed,10.05,10.00,10.02,10.03,0.00,0.01,0.00,0.01,10.08,10.01,10.01,10.11,0.00,0.04,0.00,0.00,80.00,80.00,10.10,10.10,10.10,10.10,10.10,10.10,10.10,10.01,10.01,10.01,10.01,10.01,10.01,10.01,9997,9998,9997,9997,9997,9998,10008,10.01,10.01,9969,10028,Passed,Passed,Passed,Passed,9.97,9.98,0.01,0.01,10,20,30,20,40,50,40,60,70,1,2,3,4,5,6,7,8,9,89,88,86,82
S230400117,26/01/2023 03:19:27 a. m.,339.10s,1,Passed,,Passed,Passed,Passed,Passed,Passed,Passed,Passed,Passed,0.1543,24.8169,4.9997,3.3157,5.0622,23.4346,16.3805,Passed,400312202,Passed,014565,2495.51,024F44C60006574700009C39000426C7,025044D6FFF1574EFFEB9C40FFEA26EE,025D9BF8,Passed,Passed,Passed,0251D993774E0B5C6DF8000589DD0004,0252D99177630B626E1E00038A080003,0253D955774B0B606E14000389FF0002,0254D98A77670B606DE6000889D90007,0255D94D77530B646DD00003899B0003,0256D986778F0B7C6DBAFFF18988FFEF,0257D966776A0B626E2600088A160009,Passed,Passed,Passed,Passed,Passed,Passed,Passed,02586E6F000A,02596E2AFFF0,025A6E6CFFF4,025B6E220006,Passed,Passed,Passed,Passed,28592,36855,36677,36855,23.93,23.93,23.93,23.95,0,0,0,0,0.17,0.17,0.13,0.12,Passed,Passed,Passed,Passed,Passed,Passed,Passed,Passed,Passed,Passed,Passed,Passed,10.07,10.00,10.01,10.03,0.01,0.01,0.00,0.01,10.07,10.04,10.06,10.04,0.00,0.00,0.00,0.00,80.00,80.00,10.10,10.10,10.10,10.10,10.10,10.10,10.10,10.01,10.01,10.01,10.01,10.01,10.01,10.01,9998,9999,10001,10000,10001,10001,10011,10.01,10.01,9972,10029,Passed,Passed,Passed,Passed,10.00,9.99,0.01,0.01,90,10,20,30,40,50,60,70,80,1,2,3,4,5,6,7,8,9,89,88,86,82
S230400119,26/01/2023 03:25:19 a. m.,341.03s,1,Passed,,Passed,Passed,Passed,Passed,Passed,Passed,Passed,Passed,0.1546,24.8069,5.0008,3.3107,5.0626,23.2006,16.2851,Passed,400312202,Passed,014565,2493.22,024F450500055763FFFE9C2E000426D8,025044C3FFF15712FFEA9C33FFEC26DB,025D9BD3,Passed,Passed,Passed,0251D92E77440B616DE2000489B80003,0252D96077550B646DF7000189EB0002,0253D91C77340B5F6E07000189FF0001,0254D9A377830B646E0A00078A160007,0255D928773C0B636E0500008A040000,0256D91D774A0B726DE1FFF289D4FFF1,0257D90A77320B5D6DEC000789B70006,Passed,Passed,Passed,Passed,Passed,Passed,Passed,02586E910009,02596E6BFFF2,025A6E2DFFF5,025B6E2E0004,Passed,Passed,Passed,Passed,29993,37722,33808,37722,23.93,23.93,23.93,23.95,0,0,0,0,0.18,0.18,0.14,0.13,Passed,Passed,Passed,Passed,Passed,Passed,Passed,Passed,Passed,Passed,Passed,Passed,10.04,10.01,10.00,10.03,0.01,0.01,0.01,0.01,10.03,9.98,10.10,10.05,0.00,0.01,0.00,0.00,80.00,80.00,10.10,10.10,10.10,10.10,10.10,10.10,10.10,10.01,10.01,10.01,10.01,10.01,10.01,10.01,9995,9995,9996,9996,9995,9996,10006,10.01,10.01,10009,10010,Passed,Passed,Passed,Passed,9.99,9.99,0.01,0.01,10,20,30,20,40,50,60,70,10,1,2,3,2,4,5,6,7,8,89,88,86,82
S230400098,26/01/2023 03:31:28 a. m.,341.27s,1,Passed,,Passed,Passed,Passed,Passed,Passed,Passed,Passed,Passed,0.1540,25.0447,4.9883,3.3320,5.0713,23.3840,22.8155,Passed,400312202,Passed,014565,2493.48,024F44AC0006575E00009C19000226E3,025044E2FFF05748FFE99C1DFFEB26DE,025D9BD8,Passed,Passed,Passed,0251DAFB78460B796DE1000689BC0005,0252DAA4780D0B756DA2000389920003,0253DA98781B0B786E4400048A4B0002,0254DA3377B80B666DC6000989C60007,0255DA8D77F30B726E3900018A290002,0256DA8978040B846E02FFF289EBFFF1,0257DA1277C20B6A6E5A00088A760007,Passed,Passed,Passed,Passed,Passed,Passed,Passed,02586E06000A,02596E2FFFF1,025A6E0FFFF5,025B6E540006,Passed,Passed,Passed,Passed,28723,38718,34711,38718,23.93,23.93,23.93,23.95,0,0,0,0,0.18,0.18,0.14,0.13,Passed,Passed,Passed,Passed,Passed,Passed,Passed,Passed,Passed,Passed,Passed,Passed,10.08,10.01,9.91,10.05,0.01,0.01,0.01,0.01,10.08,10.06,10.16,10.05,0.00,0.00,0.00,0.00,80.00,80.00,10.10,10.10,10.10,10.10,10.10,10.10,10.10,10.01,10.01,10.01,10.01,10.01,10.01,10.01,9998,9997,9998,9998,9998,9999,10009,10.01,10.01,10015,9992,Passed,Passed,Passed,Passed,10.01,10.01,0.01,0.01,10,20,30,40,50,60,70,80,90,1,2,3,2,4,5,4,6,7,89,88,86,82
S230400204,26/01/2023 03:37:18 a. m.,339.97s,1,Passed,,Passed,Passed,Passed,Passed,Passed,Passed,Passed,Passed,0.1544,25.1640,4.9989,3.2960,5.0674,23.5835,16.4320,Passed,400312202,Passed,014565,2495.54,024F44CE0009572100039C41000426DC,025044E0FFF25746FFEC9C45FFEE26DB,025D9BF9,Passed,Passed,Passed,0251D7EE76810B4B6E0C000789F90006,0252D81676B30B566DA30004897A0003,0253D83F76BE0B536E4200048A460004,0254D84D76C20B516E3C00098A380009,0255D82976AF0B566DB6000189830001,0256D82C76B60B636DE1FFF289BCFFF1,0257D7E1768E0B4E6DBC0008899B0007,Passed,Passed,Passed,Passed,Passed,Passed,Passed,02586E79000A,02596E5FFFF2,025A6E76FFF6,025B6E780006,Passed,Passed,Passed,Passed,31763,41588,39198,41588,23.93,23.93,23.93,23.95,0,0,0,0,0.18,0.18,0.14,0.13,Passed,Passed,Passed,Passed,Passed,Passed,Passed,Passed,Passed,Passed,Passed,Passed,10.00,9.99,9.99,10.00,0.00,0.01,0.01,0.01,10.02,10.01,10.07,10.01,0.00,0.03,0.00,0.01,80.00,80.00,10.10,10.10,10.10,10.10,10.10,10.10,10.10,10.01,10.01,10.01,10.01,10.01,10.01,10.01,10002,10005,10003,10005,10007,10005,10015,10.01,10.01,10012,9998,Passed,Passed,Passed,Passed,9.94,9.98,0.01,0.01,10,20,30,40,50,60,70,80,90,1,2,3,2,4,5,6,7,8,89,88,86,82
S230400083,26/01/2023 03:43:03 a. m.,335.85s,1,Passed,,Passed,Passed,Passed,Passed,Passed,Passed,Passed,Passed,0.1544,24.9623,4.9804,3.3088,5.0759,23.5821,22.9727,Passed,400312202,Passed,014565,2489.10,024F44B40006571200019BE4000526C5,02504498FFF056E6FFEB9BEAFFEC26D8,025D9B92,Passed,Passed,Passed,0251D91F77420B616DB2000689A00006,0252D96877670B666E01000489D40003,0253D967775E0B646DFB000389E30002,0254D9BA778D0B656D6F0008894F0007,0255D94477610B696DE5000289AD0002,0256D940774E0B736DB8FFF08988FFF0,0257D95077480B5C6DCA000989960008,Passed,Passed,Passed,Passed,Passed,Passed,Passed,02586DE90009,02596DCFFFF1,025A6DF0FFF5,025B6E1C0006,Passed,Passed,Passed,Passed,31535,39975,33394,39975,23.93,23.93,23.93,23.95,0,0,0,0,0.17,0.17,0.13,0.13,Passed,Passed,Passed,Passed,Passed,Passed,Passed,Passed,Passed,Passed,Passed,Passed,10.04,9.99,9.95,10.02,0.00,0.01,0.00,0.00,10.05,10.05,10.05,10.04,0.00,0.05,0.00,0.00,80.00,80.00,10.10,10.10,10.10,10.10,10.10,10.10,10.10,10.01,10.01,10.01,10.01,10.01,10.01,10.01,9995,10000,10001,10001,10001,10001,10011,10.01,10.01,9989,10011,Passed,Passed,Passed,Passed,9.98,9.98,0.01,0.01,10,20,30,40,50,60,70,80,90,1,2,3,2,4,5,6,7,8,89,88,86,82
S230400174,26/01/2023 04:03:15 a. m.,336.03s,1,Passed,,Passed,Passed,Passed,Passed,Passed,Passed,Passed,Passed,0.1541,25.0129,5.0106,3.3096,5.0637,23.8684,16.6579,Passed,400312202,Passed,014565,2501.08,024F44EC000657C000019CA8000126CC,02504520FFF35780FFEC9CAAFFEF26E3,025D9C51,Passed,Passed,Passed,0251D86476DB0B566E0700068A040006,0252D87576EC0B5C6E3700028A3D0002,0253D88376EF0B596EBA00038ADB0002,0254D88576F80B586E3500078A0C0008,0255D87876DF0B5B6E7B00018A9D0000,0256D87976E60B676E30FFF28A4AFFF2,0257D84076D20B566EA800058AC80007,Passed,Passed,Passed,Passed,Passed,Passed,Passed,02586EA5000A,02596E81FFF3,025A6EA4FFF5,025B6E4A0004,Passed,Passed,Passed,Passed,29494,42553,34613,42553,23.93,23.93,23.93,23.95,0,0,0,0,0.17,0.17,0.13,0.11,Passed,Passed,Passed,Passed,Passed,Passed,Passed,Passed,Passed,Passed,Passed,Passed,10.05,10.01,9.93,10.03,0.01,0.01,0.00,0.01,10.05,9.96,9.99,10.10,0.00,0.01,0.00,0.00,80.00,80.00,10.10,10.10,10.10,10.10,10.10,10.10,10.10,10.01,10.01,10.01,10.01,10.01,10.01,10.01,9998,9999,10000,9999,10000,9999,10009,10.01,10.01,9986,10024,Passed,Passed,Passed,Passed,9.99,9.99,0.01,0.01,10,20,30,40,50,60,70,80,90,1,2,3,4,5,6,7,8,9,89,88,86,82
S230400074,26/01/2023 04:09:14 a. m.,339.84s,1,Passed,,Passed,Passed,Passed,Passed,Passed,Passed,Passed,Passed,0.1546,24.7858,4.9856,3.3051,5.0630,23.4957,16.4857,Passed,400312202,Passed,014565,2489.86,024F4486000656E600019BE1000026C9,02504487FFF256FBFFEB9BE4FFEC26F2,025D9B9E,Passed,Passed,Passed,0251D976776A0B636DAB000689830005,0252D968775E0B646DBF000389910002,0253D92377380B5E6E1B00038A110003,0254D95B773B0B586D9D000889540008,0255D9BA778E0B6A6D92000089700000,0256D96277720B766DD3FFF389BCFFF1,0257D93D77660B646DD5000889C50007,Passed,Passed,Passed,Passed,Passed,Passed,Passed,02586DD6000B,02596E18FFF3,025A6E22FFF6,025B6E1F0005,Passed,Passed,Passed,Passed,29620,37976,34907,37976,23.93,23.93,23.93,23.95,0,0,0,0,0.17,0.17,0.13,0.11,Passed,Passed,Passed,Passed,Passed,Passed,Passed,Passed,Passed,Passed,Passed,Passed,10.04,10.00,9.89,10.02,0.01,0.01,0.01,0.01,10.01,10.03,10.04,10.11,0.02,0.00,0.00,0.02,80.00,80.00,10.10,10.10,10.10,10.10,10.10,10.10,10.10,10.01,10.01,10.01,10.01,10.01,10.01,10.01,9996,9999,9998,9998,9999,10000,10010,10.01,10.01,9966,10035,Passed,Passed,Passed,Passed,9.96,9.99,0.01,0.01,10,20,30,40,50,60,70,80,90,1,2,3,4,5,6,7,8,9,89,88,86,82
S230400024,26/01/2023 04:18:01 a. m.,327.37s,1,Failed,Rotary Address 9 SW1,Passed,Passed,Passed,Passed,Passed,Passed,Passed,Passed,0.1543,24.9143,5.0061,3.2893,5.0559,23.3475,16.3049,Passed,400312202,Passed,014565,2498.25,024F44D40007576F00019C82000326CB,02504507FFF35772FFED9C87FFED26DA,025D9C24,Passed,Passed,Passed,0251D752763E0B466E4D00068A500005,0252D75D76540B4C6E3C00038A290003,0253D79B76700B4C6E5000038A4F0003,0254D75276340B416E1500088A030008,0255D79476630B4E6E2900018A160001,0256D7B9767C0B5E6E20FFF28A08FFF0,0257D716761D0B416E5800078A500007,Passed,Passed,Passed,Passed,Passed,Passed,Passed,02586E81000A,02596E95FFF1,025A6E75FFF6,025B6E630006,Passed,Passed,Passed,Passed,30238,35577,35950,35577,23.92,23.93,23.93,23.95,0,0,0,0,0.17,0.17,0.13,0.11,Passed,Passed,Passed,Passed,Passed,Passed,Passed,Passed,Passed,Passed,Passed,Passed,9.98,9.99,9.89,10.02,0.00,0.01,0.01,0.01,10.00,10.02,9.96,9.99,0.00,0.02,0.00,0.01,80.00,80.00,10.10,10.10,10.10,10.10,10.10,10.10,10.10,10.01,10.01,10.01,10.01,10.01,10.01,10.01,9995,9996,9996,9997,9997,9998,10008,10.01,10.01,9993,10008,Passed,Passed,Passed,Passed,9.96,9.96,0.01,0.01,90,10,20,30,40,50,60,70,150,,,,,,,,,,,,,
S230400116,26/01/2023 04:22:58 a. m.,255.04s,1,Failed,Binary Input 1 Low,Passed,Passed,Passed,Passed,Passed,Passed,Passed,Passed,0.1590,24.9308,5.0059,3.3108,5.0699,23.2425,16.0845,Passed,400312202,Passed,014565,2495.47,024F44C70007576400019C59000226CE,025044CEFFF15762FFEB9C5DFFEC26E1,025D9BF7,Passed,Passed,Passed,0251D90877320B5D6E0C000689FF0006,0252D8DA771B0B5E6E5200048A550003,0253D8F277110B596E01000389E70002,0254D8FD77290B5A6E1F000989FA0008,0255D942775C0B666DF8000289FE0002,0256D93477420B706E12FFF18A0EFFF0,0257D8B4770E0B596E7E00088A930008,Passed,Passed,Passed,Passed,Passed,Passed,Passed,02586E49000A,02596E97FFF1,025A6E88FFF5,025B6EA20005,Passed,Passed,Passed,Passed,32210,40797,35004,40797,23.92,23.92,23.92,23.95,0,0,0,0,0.17,0.17,0.13,0.12,Passed,Passed,Passed,Passed,Passed,Passed,Failed,,,,,,,,,,,,,,,,,,,,,,,,,,,,,,,,,,,,,,,,,,,,,,,,,,,,,,,,,,,,,,,,,,,,,,,,,,,,,,
S230400168,26/01/2023 04:29:00 a. m.,338.16s,1,Passed,,Passed,Passed,Passed,Passed,Passed,Passed,Passed,Passed,0.1555,24.7067,4.9952,3.3335,5.0675,23.7051,16.8978,Passed,400312202,Passed,014565,2492.43,024F44E50007571500009C28000326C8,025044C4FFF05745FFEA9C2BFFEC26EB,025D9BC7,Passed,Passed,Passed,0251DAE0781F0B736E0A000589EB0006,0252DAE1783A0B7A6DFF000389D80004,0253DAB1781A0B756E1400048A1A0002,0254DA7C77F70B6E6DF0000889B70008,0255DAB4781A0B786DB5000389B30002,0256DAD078240B876E06FFF089F1FFF0,0257DA8978110B726E1F00088A0D0008,Passed,Passed,Passed,Passed,Passed,Passed,Passed,02586E3B000A,02596E87FFF1,025A6E38FFF5,025B6E110006,Passed,Passed,Passed,Passed,30838,37466,43795,37466,23.92,23.92,23.92,23.94,0,0,0,0,0.17,0.17,0.13,0.11,Passed,Passed,Passed,Passed,Passed,Passed,Passed,Passed,Passed,Passed,Passed,Passed,10.08,10.03,9.91,10.05,0.01,0.01,0.00,0.00,10.06,10.07,10.16,10.13,0.00,0.02,0.00,0.00,80.00,80.00,10.10,10.10,10.10,10.10,10.10,10.10,10.10,10.01,10.01,10.01,10.01,10.01,10.01,10.01,9993,9996,9996,9997,9997,9997,10006,10.01,10.01,9976,10024,Passed,Passed,Passed,Passed,10.01,10.01,0.01,0.01,10,20,30,40,50,60,70,80,90,1,2,3,4,5,6,7,8,9,89,88,86,82
S230400239,26/01/2023 04:34:57 a. m.,343.87s,1,Passed,,Passed,Passed,Passed,Passed,Passed,Passed,Passed,Passed,0.1515,24.9651,5.0017,3.3311,5.0650,23.4669,16.1543,Passed,400312202,Passed,014565,2495.34,024F44F40009574200019C49000426D8,025044F9FFF2574AFFEC9C4FFFEB26DE,025D9BF5,Passed,Passed,Passed,0251DA2977C60B6A6E7100068A6D0006,0252DA3C77D80B706E3300038A2E0002,0253DA5077E30B6F6DF6000389C60004,0254DA1577B50B656E2A000989F50009,0255DA2777B80B6D6DDE000089B70000,0256DA7177FA0B836DBCFFF289A0FFF2,0257DA1877D90B6F6E02000789FB0006,Passed,Passed,Passed,Passed,Passed,Passed,Passed,02586E83000B,02596E7AFFF2,025A6E2FFFF6,025B6E6D0006,Passed,Passed,Passed,Passed,30838,39512,40650,39512,23.92,23.93,23.93,23.95,0,0,0,0,0.17,0.18,0.14,0.13,Passed,Passed,Passed,Passed,Passed,Passed,Passed,Passed,Passed,Passed,Passed,Passed,10.06,10.02,10.05,10.04,0.01,0.01,0.01,0.00,10.15,10.18,10.14,10.17,0.00,0.04,0.00,0.00,80.00,80.00,10.10,10.10,10.10,10.10,10.10,10.10,10.10,10.01,10.01,10.01,10.01,10.01,10.01,10.01,9995,9996,9996,9996,9997,9997,10006,10.01,10.01,10004,9996,Passed,Passed,Passed,Passed,10.00,10.01,0.01,0.01,10,20,30,40,50,60,70,80,90,1,2,3,2,4,5,6,7,8,89,88,86,82
S230400171,26/01/2023 04:45:25 a. m.,338.83s,1,Passed,,Passed,Passed,Passed,Passed,Passed,Passed,Passed,Passed,0.1552,24.9184,4.9832,3.3109,5.0641,23.8352,16.6840,Passed,400312202,Passed,014565,2489.79,024F44D70008573000039BEE000526C6,0250451AFFF156FCFFEB9BF2FFEF26D7,025D9B9D,Passed,Passed,Passed,0251D97877710B636DDD000789C00007,0252D9A9778D0B6A6DA30003896A0003,0253D9A677880B676DB6000589A00004,0254D9A277890B646DD3000A89A90009,0255D9DE77920B6A6DA9000089750000,0256D9C9779E0B7A6DD5FFF289C5FFF1,0257D97C77810B666DD5000889C00007,Passed,Passed,Passed,Passed,Passed,Passed,Passed,02586E0B000B,02596E1FFFF1,025A6E6AFFF5,025B6DED0005,Passed,Passed,Passed,Passed,28327,37552,35670,37552,23.93,23.93,23.93,23.95,0,0,0,0,0.18,0.18,0.14,0.13,Passed,Passed,Passed,Passed,Passed,Passed,Passed,Passed,Passed,Passed,Passed,Passed,10.02,10.02,10.00,10.03,0.00,0.01,0.01,0.01,10.08,10.07,9.98,10.02,0.00,0.02,0.00,0.00,80.00,80.00,10.10,10.10,10.10,10.10,10.10,10.10,10.10,10.01,10.01,10.01,10.01,10.01,10.01,10.01,10004,10004,10004,10004,10005,10005,10014,10.01,10.01,9991,10004,Passed,Passed,Passed,Passed,9.98,9.99,0.01,0.01,10,20,30,40,50,60,70,80,90,1,2,3,2,4,5,4,6,7,89,88,86,82
S230400296,26/01/2023 04:52:04 a. m.,337.44s,1,Passed,,Passed,Passed,Passed,Passed,Passed,Passed,Passed,Passed,0.1549,24.9208,5.0029,3.3237,5.0686,24.0254,17.0193,Passed,400312202,Passed,014565,2495.66,024F44C80007573000009C40000426D4,02504508FFF1574FFFEA9C45FFEE26DC,025D9BFB,Passed,Passed,Passed,0251D9C377920B676DE2000689C10005,0252D9DA77AC0B6D6E4000028A250002,0253D9EA77B00B6C6E6F00048A8F0003,0254D9A0777D0B636E8A00098AAB0008,0255D9BA77810B686DD7000189A40001,0256D9DB77B20B7C6E02FFF289DEFFF2,0257D99777880B656E0000078A040006,Passed,Passed,Passed,Passed,Passed,Passed,Passed,02586E49000B,02596E40FFF2,025A6E18FFF7,025B6E440005,Passed,Passed,Passed,Passed,28984,35857,32971,35857,23.93,23.93,23.93,23.95,0,0,0,0,0.18,0.18,0.14,0.13,Passed,Passed,Passed,Passed,Passed,Passed,Passed,Passed,Passed,Passed,Passed,Passed,10.06,10.01,10.03,10.04,0.01,0.01,0.01,0.01,10.07,10.02,10.10,10.06,0.00,0.00,0.00,0.00,80.00,80.00,10.10,10.10,10.10,10.10,10.10,10.10,10.10,10.01,10.01,10.01,10.01,10.01,10.01,10.01,9996,9996,9996,9998,9997,9996,10006,10.01,10.01,10003,10006,Passed,Passed,Passed,Passed,9.98,9.99,0.01,0.01,10,20,30,40,50,60,70,80,90,1,2,3,2,4,5,4,6,7,89,88,86,82
S230400045,26/01/2023 05:01:15 a. m.,253.76s,2,Failed,Binary Input 5 High,Passed,Passed,Passed,Passed,Passed,Passed,Passed,Passed,0.1539,25.0378,5.0076,3.3188,5.0575,23.4158,16.1311,Passed,400312202,Passed,014565,2498.00,024F44F80006578600009C7DFFFE26D6,025044F8FFF0578DFFEA9C7BFFED26DE,025D9C20,Passed,Passed,Passed,0251D96A77600B626E5B00058A650005,0252D94E77570B636E2D00068A2C0005,0253D92B77390B5E6E6C00028A650002,0254D92977320B596E0B000789F70007,0255D96477670B646E0C000389E40004,0256D941774E0B746E80FFF08A8CFFEF,0257D8F877310B5C6E3E00098A3A0009,Passed,Passed,Passed,Passed,Passed,Passed,Passed,02586E91000A,02596E72FFF3,025A6E49FFF4,025B6E630007,Passed,Passed,Passed,Passed,16878,13359,52150,40502,23.94,23.94,23.94,23.96,0,0,0,0,0.11,0.13,0.12,0.10,Passed,Passed,Passed,Passed,Failed,,,,,,,,,,,,,,,,,,,,,,,,,,,,,,,,,,,,,,,,,,,,,,,,,,,,,,,,,,,,,,,,,,,,,,,,,,,,,,,,
S230400045,26/01/2023 05:07:52 a. m.,253.83s,2,Failed,Binary Input 5 High,Passed,Passed,Passed,Passed,Passed,Passed,Passed,Passed,0.1683,25.0801,5.0077,3.3180,5.0576,22.5797,15.2112,Passed,400312202,Passed,014565,2498.07,024F44F80007578600029C80FFFE26D0,025044F8FFF1578DFFEB9C80FFED26DB,025D9C21,Passed,Passed,Passed,0251D968775D0B616E5A00078A610007,0252D94C77570B646E2C00058A2C0004,0253D92A77360B5D6E6B00048A660004,0254D928772E0B586E0A000A89F80008,0255D96477670B656E0C000289E40002,0256D93F774A0B726E81FFF08A87FFF1,0257D8FA77310B5D6E3D00088A3A0007,Passed,Passed,Passed,Passed,Passed,Passed,Passed,02586E91000C,02596E72FFF3,025A6E4BFFF4,025B6E630006,Passed,Passed,Passed,Passed,16410,12804,51677,40051,23.94,23.94,23.94,23.96,0,0,0,0,0.07,0.09,0.08,0.07,Passed,Passed,Passed,Passed,Failed,,,,,,,,,,,,,,,,,,,,,,,,,,,,,,,,,,,,,,,,,,,,,,,,,,,,,,,,,,,,,,,,,,,,,,,,,,,,,,,,
S230400216,26/01/2023 05:13:40 a. m.,252.41s,2,Failed,Binary Input 5 High,Passed,Passed,Passed,Passed,Passed,Passed,Passed,Passed,0.1527,25.0189,4.9930,3.3196,5.0595,23.6376,16.7279,Passed,400312202,Passed,014565,2492.69,024F449F0006572F00019C1E000726E3,0250450DFFF05728FFEC9C1FFFF226E6,025D9BCB,Passed,Passed,Passed,0251D9B3779A0B696E3F00058A310005,0252D9E1778C0B676E1400038A010004,0253D9C7778C0B666E4500048A4D0002,0254D9FA77A80B666E3400088A350008,0255D9DE77AA0B6C6E2C00038A360002,0256DA1E77CA0B7E6DDBFFF189BEFFF1,0257D9A3779E0B696DB7000889820008,Passed,Passed,Passed,Passed,Passed,Passed,Passed,02586E23000B,02596DCAFFF5,025A6DEDFFF6,025B6E7E0006,Passed,Passed,Passed,Passed,16878,14941,51415,43281,23.94,23.94,23.94,23.96,0,0,0,0,0.07,0.09,0.09,0.07,Passed,Passed,Passed,Passed,Failed,,,,,,,,,,,,,,,,,,,,,,,,,,,,,,,,,,,,,,,,,,,,,,,,,,,,,,,,,,,,,,,,,,,,,,,,,,,,,,,,
S230400222,26/01/2023 07:15:05 a. m.,336.74s,1,Passed,,Passed,Passed,Passed,Passed,Passed,Passed,Passed,Passed,0.1568,24.9245,5.0033,3.3260,5.0674,23.3920,16.5261,Passed,400312202,Passed,014565,2497.04,024F44D30007576800039C69000526CF,025044DDFFF25769FFEA9C72FFEA26DC,025D9C11,Passed,Passed,Passed,0251D9BC77950B676DD5000689C00006,0252D9BC77930B696E4E00038A580003,0253DA1277AE0B686E2700038A0D0004,0254D9F077A50B656E4F00098A630008,0255D9B477920B6B6E2800008A020002,0256D9DB77BC0B7F6E2AFFF18A33FFF1,0257D9C2779B0B676E6B00088A710007,Passed,Passed,Passed,Passed,Passed,Passed,Passed,02586E590009,02596E6BFFF1,025A6E9CFFF4,025B6EA40005,Passed,Passed,Passed,Passed,29494,35482,36766,35482,23.93,23.93,23.93,23.95,0,0,0,0,0.17,0.17,0.13,0.12,Passed,Passed,Passed,Passed,Passed,Passed,Passed,Passed,Passed,Passed,Passed,Passed,10.08,10.01,10.10,10.05,0.01,0.01,0.01,0.01,10.14,10.13,10.05,10.13,0.00,0.03,0.03,0.05,80.00,80.00,10.10,10.10,10.10,10.09,10.10,10.10,10.10,10.01,10.01,10.01,10.01,10.01,10.01,10.01,9993,9996,9997,9998,9998,9998,10009,10.01,10.01,9998,10009,Passed,Passed,Passed,Passed,10.02,10.01,0.01,0.01,10,20,30,40,50,60,70,80,90,1,2,3,4,5,6,7,8,9,89,88,86,82
S230400045,26/01/2023 07:19:57 a. m.,579.38s,2,Failed,Binary Input 5 High,Passed,Passed,Passed,Passed,Passed,Passed,Passed,Passed,0.1699,24.9897,5.0075,3.3181,5.0574,22.5858,15.2929,Passed,400312202,Passed,014565,2497.73,024F44F90008578600029C7FFFFB26CA,025044F8FFF2578FFFEB9C81FFE626D9,025D9C1C,Passed,Passed,Passed,0251D95F775D0B616E5D00078A6A0007,0252D944775A0B666E2E00048A310003,0253D92277360B5C6E6E00048A6E0003,0254D920772E0B586E0B000A89F70009,0255D95B77680B656E0C000289E40002,0256D937774C0B726E82FFF18A91FFF1,0257D8F277330B5D6E3F00078A3A0007,Passed,Passed,Passed,Passed,Passed,Passed,Passed,02586E92000B,02596E72FFF4,025A6E4BFFF5,025B6E630006,Passed,Passed,Passed,Passed,17108,14165,51720,43604,23.94,23.94,23.94,23.96,0,0,0,0,0.11,0.11,0.10,0.08,Passed,Passed,Passed,Passed,Failed,,,,,,,,,,,,,,,,,,,,,,,,,,,,,,,,,,,,,,,,,,,,,,,,,,,,,,,,,,,,,,,,,,,,,,,,,,,,,,,,
S230400045,26/01/2023 07:28:07 a. m.,336.31s,1,Passed,,Passed,Passed,Passed,Passed,Passed,Passed,Passed,Passed,0.1686,25.0337,5.0074,3.3177,5.0574,22.5470,15.1824,Passed,400312202,Passed,014565,2497.54,024F44F70008578500019C78000426C3,025044F7FFF2578DFFED9C7DFFED26D7,025D9C19,Passed,Passed,Passed,0251D968775D0B606E5900078A6D0006,0252D951775C0B656E2E00038A2F0002,0253D92B773B0B5E6E6E00048A6C0004,0254D92977300B596E0E000989FA0009,0255D96B77670B686E0E000089E60001,0256D94177550B726E81FFF28A8CFFF1,0257D8FD77360B5E6E3D00088A370008,Passed,Passed,Passed,Passed,Passed,Passed,Passed,02586E93000B,02596E9EFFF2,025A6E4DFFF4,025B6E650006,Passed,Passed,Passed,Passed,27511,34012,38473,34012,23.93,23.93,23.93,23.95,0,0,0,0,0.17,0.17,0.13,0.11,Passed,Passed,Passed,Passed,Passed,Passed,Passed,Passed,Passed,Passed,Passed,Passed,10.06,10.02,10.05,10.04,0.01,0.01,0.01,0.00,10.09,10.06,10.04,10.09,0.00,0.02,0.00,0.00,80.00,80.00,10.10,10.10,10.10,10.10,10.10,10.10,10.10,10.01,10.01,10.01,10.01,10.01,10.01,10.01,9998,9999,9999,9998,9999,9999,10009,10.01,10.01,9991,10012,Passed,Passed,Passed,Passed,9.99,9.99,0.01,0.01,10,20,30,40,50,40,60,70,80,1,2,3,4,5,4,6,7,8,89,88,86,82
S230400255,26/01/2023 07:32:58 a. m.,583.11s,2,Failed,Binary Input 5 High,Passed,Passed,Passed,Passed,Passed,Passed,Passed,Passed,0.1538,25.0852,5.0030,3.3108,5.0585,23.8548,23.2026,Passed,400312202,Passed,014565,2498.35,024F44EE0005577700029C6AFFFA26CC,025044EEFFF05761FFEF9C70FFE726EB,025D9C26,Passed,Passed,Passed,0251D8EB77240B5E6E9C00068AA40004,0252D93777360B5F6E4400038A440004,0253D92477420B616E2B00038A300002,0254D930773F0B5C6E4300088A3A0007,0255D8FE77250B5D6E1F00038A140002,0256D92F77490B726E30FFEF8A1DFFF1,0257D8CA77120B596E2200098A140008,Passed,Passed,Passed,Passed,Passed,Passed,Passed,02586E77000B,02596E66FFF4,025A6E1FFFF4,025B6E4A0006,Passed,Passed,Passed,Passed,15689,11044,49814,46748,23.94,23.94,23.94,23.96,0,0,0,0,0.11,0.13,0.12,0.11,Passed,Passed,Passed,Passed,Failed,,,,,,,,,,,,,,,,,,,,,,,,,,,,,,,,,,,,,,,,,,,,,,,,,,,,,,,,,,,,,,,,,,,,,,,,,,,,,,,,
S230400255,26/01/2023 07:49:08 a. m.,260.51s,2,Failed,Binary Input 5 High,Passed,Passed,Passed,Passed,Passed,Passed,Passed,Passed,0.1703,25.0997,5.0032,3.3118,5.0586,22.6593,15.4343,Passed,400312202,Passed,014565,2497.96,024F44EB0007577800019C5F000926CF,025044ECFFF35765FFEC9C66FFF626E8,025D9C1F,Passed,Passed,Passed,0251D8EE77260B5C6E9B00058AA40005,0252D93F773B0B5F6E4100048A440003,0253D92777440B616E2A00038A2C0003,0254D93377400B5B6E4200088A3A0007,0255D90677290B5D6E1D00038A140001,0256D932774B0B716E2EFFF18A1DFFF1,0257D8FAD8FAD8F8FFFF7FFFFFFF7FFF,Passed,Passed,Passed,Passed,Passed,Passed,Passed,02586E770009,02596E63FFF5,025A6E1EFFF4,025B6E4A0005,Passed,Passed,Passed,Passed,15932,11044,51415,44665,23.94,23.94,23.94,23.96,0,0,0,0,0.11,0.13,0.12,0.11,Passed,Passed,Passed,Passed,Failed,,,,,,,,,,,,,,,,,,,,,,,,,,,,,,,,,,,,,,,,,,,,,,,,,,,,,,,,,,,,,,,,,,,,,,,,,,,,,,,,
S230400027,26/01/2023 07:55:39 a. m.,260.08s,2,Failed,Binary Input 5 High,Passed,Passed,Passed,Passed,Passed,Passed,Passed,Passed,0.1703,24.8655,4.9946,3.2989,5.0573,22.6796,15.3927,Passed,400312202,Passed,014565,2489.78,024F44AB0006572600019BF0000F26B9,0250450EFFF15743FFEB9BF3FFF726E4,025D9B9C,Passed,Passed,Passed,0251D87676C70B516DF7000589CC0006,0252D87176D20B576E23000489FC0003,0253D8B376F30B586DBF0003899C0003,0254D90177250B596E4A00088A480008,0255D88D76EC0B586DA60002897B0002,0256D8B976FE0B6B6E0BFFF28A06FFF0,0257D900D8FDD8F8FFFF7FFF00007FFF,Passed,Passed,Passed,Passed,Passed,Passed,Passed,02586DE6000B,02596E30FFF5,025A6E6AFFF4,025B6E390006,Passed,Passed,Passed,Passed,17336,16173,56743,38636,23.94,23.94,23.94,23.96,0,0,0,0,0.08,0.10,0.11,0.10,Passed,Passed,Passed,Passed,Failed,,,,,,,,,,,,,,,,,,,,,,,,,,,,,,,,,,,,,,,,,,,,,,,,,,,,,,,,,,,,,,,,,,,,,,,,,,,,,,,,
S230400027,26/01/2023 08:04:21 a. m.,259.48s,2,Failed,Binary Input 5 High,Passed,Passed,Passed,Passed,Passed,Passed,Passed,Passed,0.1687,24.9147,4.9945,3.2988,5.0576,22.6853,22.6319,Passed,400312202,Passed,014565,2491.44,024F44AB0007572200059BF5000C26D1,0250450DFFF35741FFED9BFAFFEF26F6,025D9BB7,Passed,Passed,Passed,0251D87876C80B4F6DF6000789CD0007,0252D87376D70B596E24000289F70003,0253D8B576F40B566DBF000489A20003,0254D90377260B576E4A000A8A48000A,0255D89276F00B5A6DA7000189760001,0256D8BB76FF0B686E0BFFF38A06FFF2,0257D907D904D8FCFFFF7FFF00007FFF,Passed,Passed,Passed,Passed,Passed,Passed,Passed,02586DF0000B,02596E39FFF4,025A6E71FFF5,025B6E410004,Passed,Passed,Passed,Passed,17108,15689,55406,39667,23.94,23.94,23.94,23.96,0,0,0,0,0.08,0.09,0.10,0.09,Passed,Passed,Passed,Passed,Failed,,,,,,,,,,,,,,,,,,,,,,,,,,,,,,,,,,,,,,,,,,,,,,,,,,,,,,,,,,,,,,,,,,,,,,,,,,,,,,,,
S230400027,26/01/2023 08:10:56 a. m.,256.92s,2,Failed,Binary Input 5 High,Passed,Passed,Passed,Passed,Passed,Passed,Passed,Passed,0.1689,24.9084,4.9945,3.2989,5.0575,22.7380,15.4027,Passed,400312202,Passed,014565,2489.87,024F44A80007572300009BF6FFFD26C1,0250450BFFF15740FFEC9BFAFFEA26E8,025D9B9E,Passed,Passed,Passed,0251D87F76CC0B516DF2000689CD0005,0252D87476D80B586E20000489FC0002,0253D8BC76F90B586DBB0003899D0001,0254D90B772A0B596E4600098A440009,0255D89476F30B5A6DA1000389730002,0256D8C177030B696E08FFF18A01FFF0,0257D90ED90AD902FFFF7FFFFFFF7FFF,Passed,Passed,Passed,Passed,Passed,Passed,Passed,02586DE3000B,02596E2DFFF4,025A6E65FFF5,025B6E360006,Passed,Passed,Passed,Passed,17108,15689,56469,38473,23.94,23.94,23.94,23.96,0,0,0,0,0.11,0.12,0.11,0.09,Passed,Passed,Passed,Passed,Failed,,,,,,,,,,,,,,,,,,,,,,,,,,,,,,,,,,,,,,,,,,,,,,,,,,,,,,,,,,,,,,,,,,,,,,,,,,,,,,,,
S230400027,26/01/2023 08:16:59 a. m.,259.83s,2,Failed,Binary Input 5 High,Passed,Passed,Passed,Passed,Passed,Passed,Passed,Passed,0.1687,24.9368,4.9945,3.2991,5.0576,22.5969,15.2251,Passed,400312202,Passed,014565,2489.90,024F44A90007572300019BF1000426BA,0250450CFFF15740FFEC9BFAFFED26E5,025D9B9E,Passed,Passed,Passed,0251D87E76CB0B506DF5000689D10006,0252D87776D80B576E22000389F80004,0253D8BB76F70B586DBD000489980004,0254D90877280B596E4900098A4D0008,0255D89576F20B596DA50001897C0001,0256D8C077020B696E0AFFF18A01FFF1,0257D90AD903D8FCFFFF7FFFFFFF7FFF,Passed,Passed,Passed,Passed,Passed,Passed,Passed,02586DE6000A,02596E30FFF4,025A6E68FFF6,025B6E380006,Passed,Passed,Passed,Passed,17108,15932,56572,38718,23.94,23.94,23.94,23.96,0,0,0,0,0.10,0.10,0.09,0.08,Passed,Passed,Passed,Passed,Failed,,,,,,,,,,,,,,,,,,,,,,,,,,,,,,,,,,,,,,,,,,,,,,,,,,,,,,,,,,,,,,,,,,,,,,,,,,,,,,,,
S230400027,26/01/2023 08:37:33 a. m.,260.31s,2,Failed,Binary Input 3 High,Passed,Passed,Passed,Passed,Passed,Passed,Passed,Passed,0.1690,24.8929,4.9945,3.2987,5.0575,22.7237,15.3754,Passed,400312202,Passed,014565,2489.65,024F44A80008572300029BF5000026C6,0250450AFFF35740FFEC9BF4FFEE26EA,025D9B9A,Passed,Passed,Passed,0251D87F76CD0B506DF3000689CD0007,0252D87A76DD0B596E20000289F60003,0253D8BC76F90B576DBA000589980004,0254D90A772A0B596E4700098A480009,0255D89776F60B5B6DA10002896D0002,0256D8C277040B696E06FFF38A01FFF1,0257D90ED90CD906FFFF7FFFFFFF7FFF,Passed,Passed,Passed,Passed,Passed,Passed,Passed,02586DE2000B,02596E2BFFF5,025A6E65FFF6,025B6E350005,Passed,Passed,Passed,Passed,19278,20087,48692,50880,23.93,23.93,23.93,23.95,0,0,0,0,0.09,0.10,0.09,0.07,Passed,Passed,Failed,,,,,,,,,,,,,,,,,,,,,,,,,,,,,,,,,,,,,,,,,,,,,,,,,,,,,,,,,,,,,,,,,,,,,,,,,,,,,,,,,,
S230400027,26/01/2023 08:43:47 a. m.,259.58s,2,Failed,Binary Input 1 High,Passed,Passed,Passed,Passed,Passed,Passed,Passed,Passed,0.1689,24.9184,4.9945,3.2987,5.0576,22.7435,15.0791,Passed,400312202,Passed,014565,2489.82,024F44AB0007572500019BF9000726BB,0250450DFFF25742FFEC9BFAFFF126E5,025D9B9D,Passed,Passed,Passed,0251D87C76CA0B506DF6000689CD0006,0252D87476D60B576E23000589FC0003,0253D8B976F60B576DBE0005899D0002,0254D90777280B596E4A00088A480008,0255D89176F00B596DA50003897C0001,0256D8BE77000B696E09FFF48A01FFF1,0257D90AD904D8FEFFFF7FFFFFFF7FFF,Passed,Passed,Passed,Passed,Passed,Passed,Passed,02586DE90009,02596E31FFF5,025A6E69FFF5,025B6E390007,Passed,Passed,Passed,Passed,20087,21243,49040,50423,23.93,23.93,23.93,23.96,0,0,0,0,0.07,0.09,0.10,0.09,Failed,,,,,,,,,,,,,,,,,,,,,,,,,,,,,,,,,,,,,,,,,,,,,,,,,,,,,,,,,,,,,,,,,,,,,,,,,,,,,,,,,,,,
S230400027,26/01/2023 08:49:27 a. m.,260.61s,2,Failed,Binary Input 3 High,Passed,Passed,Passed,Passed,Passed,Passed,Passed,Passed,0.1507,24.9572,4.9945,3.2993,5.0577,23.6572,16.3419,Passed,400312202,Passed,014565,2491.47,024F44AA0006572500009BF7000226C3,0250450DFFF15742FFEB9BF7FFEE26F0,025D9BB7,Passed,Passed,Passed,0251D87A76CA0B516DF6000589D10005,0252D87176D50B576E23000489FC0003,0253D8B876F60B586DBE000389990003,0254D90677280B596E4900088A490008,0255D88F76EF0B586DA50002897C0001,0256D8BD77010B696E0BFFF08A06FFF0,0257D908D902D8F9FFFF7FFF00007FFF,Passed,Passed,Passed,Passed,Passed,Passed,Passed,02586DE5000B,02596E2EFFF5,025A6E69FFF5,025B6E3B0006,Passed,Passed,Passed,Passed,17108,15689,55515,40277,23.94,23.94,23.94,23.96,0,0,0,0,0.08,0.10,0.10,0.10,Passed,Passed,Failed,,,,,,,,,,,,,,,,,,,,,,,,,,,,,,,,,,,,,,,,,,,,,,,,,,,,,,,,,,,,,,,,,,,,,,,,,,,,,,,,,,
S230400027,26/01/2023 08:56:49 a. m.,336.20s,2,Passed,,Passed,Passed,Passed,Passed,Passed,Passed,Passed,Passed,0.1688,24.9339,4.9945,3.2989,5.0577,22.5649,15.2626,Passed,400312202,Passed,014565,2489.65,024F44A90006572300009BF4000126CE,0250450CFFF05740FFEB9BF6FFF326EB,025D9B9A,Passed,Passed,Passed,0251D88676CF0B516DF3000689C70006,0252D88476DB0B586E20000589F60004,0253D8C276FA0B576DBB000389980003,0254D910772B0B596E4600098A480007,0255D89E76F40B596DA3000289720002,0256D8C877050B6A6E08FFF18A01FFF0,0257D8E4770C0B576DA6000989800008,Passed,Passed,Passed,Passed,Passed,Passed,Passed,02586DE2000B,02596E2AFFF5,025A6E65FFF5,025B6E360006,Passed,Passed,Passed,Passed,17108,15932,55623,40576,23.94,23.94,23.94,23.96,0,0,0,0,0.11,0.13,0.12,0.10,Passed,Passed,Passed,Passed,Passed,Passed,Passed,Passed,Passed,Passed,Passed,Passed,10.04,10.02,9.96,10.02,0.01,0.01,0.00,0.01,9.98,10.04,9.97,10.06,0.00,0.02,0.00,0.00,80.00,80.00,10.05,10.05,10.05,10.05,10.05,10.05,10.05,10.01,10.00,10.01,10.00,10.00,10.00,10.00,9996,9996,9997,9998,9998,9997,10007,10.01,10.01,9983,10040,Passed,Passed,Passed,Passed,9.98,9.97,0.01,0.01,10,20,30,40,50,60,70,80,90,1,2,3,4,5,6,7,8,9,89,88,86,82
S230400064,26/01/2023 09:04:36 a. m.,339.20s,2,Passed,,Passed,Passed,Passed,Passed,Passed,Passed,Passed,Passed,0.1533,24.9203,5.0000,3.3106,5.0587,23.4940,16.0997,Passed,400312202,Passed,014565,2497.23,024F44DB0005576300019C50000226E0,02504504FFF05766FFED9C56FFEF26E2,025D9C14,Passed,Passed,Passed,0251D90677300B5E6E1D00058A060005,0252D91477400B646DD0000389B50003,0253D92077380B5F6DE0000289BE0003,0254D8F2770C0B556E2900078A050008,0255D912772B0B5E6E2E00018A390001,0256D90E77200B6C6DD4FFF189A6FFEF,0257D8EC77180B596E0E000889DC0008,Passed,Passed,Passed,Passed,Passed,Passed,Passed,02586E3B000A,02596E7CFFF4,025A6E39FFF6,025B6E320006,Passed,Passed,Passed,Passed,17783,13631,52941,40127,23.94,23.94,23.94,23.96,0,0,0,0,0.11,0.13,0.12,0.11,Passed,Passed,Passed,Passed,Passed,Passed,Passed,Passed,Passed,Passed,Passed,Passed,10.06,10.03,9.96,10.03,0.01,0.01,0.01,0.01,9.99,10.10,10.14,10.09,0.00,0.00,0.00,0.00,80.00,80.00,10.05,10.05,10.05,10.05,10.05,10.05,10.05,10.00,10.01,10.00,10.00,10.00,10.00,10.00,9991,9995,9997,9998,9997,9998,10007,10.01,10.01,10005,10000,Passed,Passed,Passed,Passed,9.98,9.98,0.01,0.01,10,20,30,40,50,60,70,10,80,1,2,3,2,4,5,6,7,8,89,88,86,82
S230400245,26/01/2023 09:12:52 a. m.,338.57s,2,Passed,,Passed,Passed,Passed,Passed,Passed,Passed,Passed,Passed,0.1535,24.9565,4.9922,3.2905,5.0694,23.7387,16.9016,Passed,400312202,Passed,014565,2489.30,024F44BB000656F900029BEB000726C0,025044B3FFF15735FFEB9BF1FFEC26DC,025D9B95,Passed,Passed,Passed,0251D86876DF0B566DAB0006899D0006,0252D82876C70B596DD0000389B90004,0253D83876A70B4E6DF6000489E90003,0254D88376CF0B4F6DC7000889B00008,0255D85176D80B586E2D00028A360002,0256D84D76CD0B666DE8FFF189CDFFF1,0257D7D076880B4D6E2500088A180008,Passed,Passed,Passed,Passed,Passed,Passed,Passed,02586DC8000B,02596DE5FFF4,025A6DDBFFF5,025B6E140006,Passed,Passed,Passed,Passed,19071,12521,53346,43604,23.93,23.93,23.93,23.96,0,0,0,0,0.10,0.11,0.10,0.08,Passed,Passed,Passed,Passed,Passed,Passed,Passed,Passed,Passed,Passed,Passed,Passed,10.02,10.01,9.94,10.01,0.01,0.01,0.01,0.01,9.98,9.96,9.93,9.99,0.03,0.03,0.01,0.02,80.00,80.00,10.05,10.05,10.05,10.05,10.05,10.05,10.05,10.00,10.00,10.00,10.00,10.00,10.01,10.00,9999,10005,10006,10005,10005,10006,10016,10.01,10.01,9978,10012,Passed,Passed,Passed,Passed,9.97,9.99,0.01,0.01,10,20,30,40,50,40,60,70,80,1,2,3,4,5,6,7,8,9,89,88,86,82
S230400221,26/01/2023 09:19:43 a. m.,341.26s,2,Passed,,Passed,Passed,Passed,Passed,Passed,Passed,Passed,Passed,0.1549,24.7294,4.9891,3.3171,5.0590,23.3837,16.1429,Passed,400312202,Passed,014565,2491.51,024F44A70008573000029C0DFFF926C2,025044B1FFF15748FFEB9C0EFFE626E6,025D9BB8,Passed,Passed,Passed,0251D98977870B676DC7000689940006,0252D9A6778A0B6A6DC7000489930004,0253D99F77780B636DE1000389C80003,0254D9B877890B626DCE000989A60009,0255D9DC779E0B696DCE000389A70003,0256DA1977BD0B7D6DAAFFF28977FFEF,0257D9AA777D0B626DAA000A898F0009,Passed,Passed,Passed,Passed,Passed,Passed,Passed,02586E1C000C,02596E17FFF5,025A6E13FFF7,025B6DDC000F,Passed,Passed,Passed,Passed,16410,12521,52445,39434,23.94,23.94,23.94,23.96,0,0,0,0,0.11,0.13,0.12,0.11,Passed,Passed,Passed,Passed,Passed,Passed,Passed,Passed,Passed,Passed,Passed,Passed,10.06,10.02,10.00,10.06,0.01,0.01,0.01,0.01,10.10,10.11,10.06,10.10,0.00,0.04,0.03,0.04,80.00,80.00,10.04,10.04,10.04,10.04,10.04,10.04,10.04,10.00,10.00,10.00,10.01,10.01,10.00,10.01,9998,10002,10002,10002,10003,10004,10014,10.01,10.01,9967,10026,Passed,Passed,Passed,Passed,9.97,9.99,0.01,0.01,10,20,30,40,50,40,60,70,80,1,2,3,4,5,4,6,7,8,89,88,86,82
S230400223,26/01/2023 09:26:21 a. m.,340.10s,2,Passed,,Passed,Passed,Passed,Passed,Passed,Passed,Passed,Passed,0.1540,24.8516,4.9977,3.3110,5.0760,23.6024,16.3697,Passed,400312202,Passed,014565,2493.67,024F44F10008573800009C2F000426D8,025044CFFFF05725FFED9C38FFEB26E5,025D9BDB,Passed,Passed,Passed,0251D94C77440B5D6E2600078A010006,0252D90E772C0B616E2200048A1E0004,0253D92477300B5C6DBD000389A10003,0254D9A377890B636E08000989F30008,0255D935774C0B636DF7000289CE0003,0256D943774E0B726DFAFFF089E9FFF0,0257D94577540B606DF9000989E40008,Passed,Passed,Passed,Passed,Passed,Passed,Passed,02586E34000B,02596E39FFF4,025A6E70FFF4,025B6E430007,Passed,Passed,Passed,Passed,18651,12804,54966,44358,23.93,23.93,23.94,23.96,0,0,0,0,0.11,0.12,0.12,0.10,Passed,Passed,Passed,Passed,Passed,Passed,Passed,Passed,Passed,Passed,Passed,Passed,10.04,10.03,9.94,10.05,0.01,0.01,0.01,0.01,10.09,10.08,10.00,10.02,0.03,0.03,0.00,0.01,80.00,80.00,10.04,10.04,10.04,10.04,10.04,10.04,10.04,10.01,10.00,10.00,10.01,10.01,10.00,10.01,10007,10008,10007,10006,10007,10007,10017,10.01,10.01,9995,10010,Passed,Passed,Passed,Passed,9.98,10.00,0.01,0.01,10,20,30,40,50,40,60,70,30,1,2,3,4,5,6,7,8,9,89,88,86,82
S230400168,26/01/2023 09:34:22 a. m.,253.90s,2,Failed,Binary Input 5 High,Passed,Passed,Passed,Passed,Passed,Passed,Passed,Passed,0.1525,24.6929,4.9958,3.3334,5.0677,23.8457,23.1831,Passed,400312202,Passed,014565,2492.92,024F44E80008571600019C27000826D9,025044C6FFF35745FFEC9C30FFEA26F0,025D9BCF,Passed,Passed,Passed,0251DAD8781F0B726E0C000689EE0007,0252DAD778370B7A6DFF000489E00003,0253DAAA78150B736E1700038A220002,0254DA7677F40B6D6DEE000989B90009,0255DAA9781D0B776DB4000389B30002,0256DAC678190B846E08FFF189F8FFF1,0257DA82780E0B726E2000098A190007,Passed,Passed,Passed,Passed,Passed,Passed,Passed,02586E39000B,02596E5DFFF4,025A6E36FFF5,025B6E0F0007,Passed,Passed,Passed,Passed,18004,12804,56156,43216,23.94,23.94,23.94,23.96,0,0,0,0,0.08,0.10,0.11,0.11,Passed,Passed,Passed,Passed,Failed,,,,,,,,,,,,,,,,,,,,,,,,,,,,,,,,,,,,,,,,,,,,,,,,,,,,,,,,,,,,,,,,,,,,,,,,,,,,,,,,
S230400304,26/01/2023 09:41:29 a. m.,255.96s,2,Failed,Binary Input 5 High,Passed,Passed,Passed,Passed,Passed,Passed,Passed,Passed,0.1562,24.9277,5.0010,3.3133,5.0688,24.1167,17.0769,Passed,400312202,Passed,014565,2498.51,024F452C0007576300019C72FFF326E6,025044E9FFF15752FFEC9C75FFE226F7,025D9C28,Passed,Passed,Passed,0251D91377350B5D6E4600068A300007,0252D95A77600B676E3C00038A300004,0253D8C9770B0B5A6DEE000389D50003,0254D909772F0B5A6E5700088A5C0009,0255D92477350B606E5700028A650001,0256D8EB77250B706E20FFF289F7FFF1,0257D912772D0B5B6DD0000989AB0009,Passed,Passed,Passed,Passed,Passed,Passed,Passed,02586E13000C,02596E3DFFF6,025A6E31FFF6,025B6E3A0007,Passed,Passed,Passed,Passed,14941,10105,49767,41160,23.94,23.94,23.94,23.96,0,0,0,0,0.09,0.10,0.10,0.08,Passed,Passed,Passed,Passed,Failed,,,,,,,,,,,,,,,,,,,,,,,,,,,,,,,,,,,,,,,,,,,,,,,,,,,,,,,,,,,,,,,,,,,,,,,,,,,,,,,,
S230400182,26/01/2023 09:53:54 a. m.,255.14s,2,Failed,Binary Input 5 High,Passed,Passed,Passed,Passed,Passed,Passed,Passed,Passed,0.1562,24.7654,4.9901,3.3125,5.0622,23.9215,17.1002,Passed,400312202,Passed,014565,2491.83,024F44AF0005572D00009BF9000326CB,0250449AFFEF572EFFEA9BF8FFF926E7,025D9BBD,Passed,Passed,Passed,0251D94A77570B626DCF000689A20005,0252DA0677B70B6C6DB1000589800004,0253D95377580B636E0400028A060003,0254D9B277800B626DEA000789D50007,0255D94B77570B626DF7000489FB0002,0256D99177860B7A6DECFFF089D1FFEF,0257D982777E0B646E14000989F30009,Passed,Passed,Passed,Passed,Passed,Passed,Passed,02586DF6000B,02596E1DFFF3,025A6E35FFF3,025B6DFA0007,Passed,Passed,Passed,Passed,14941,14685,47452,49719,23.94,23.94,23.94,23.96,0,0,0,0,0.08,0.09,0.09,0.08,Passed,Passed,Passed,Passed,Failed,,,,,,,,,,,,,,,,,,,,,,,,,,,,,,,,,,,,,,,,,,,,,,,,,,,,,,,,,,,,,,,,,,,,,,,,,,,,,,,,
S230400024,26/01/2023 09:59:55 a. m.,253.60s,2,Failed,Binary Input 5 High,Passed,Passed,Passed,Passed,Passed,Passed,Passed,Passed,0.1513,24.8905,5.0066,3.2889,5.0561,23.4004,16.0815,Passed,400312202,Passed,014565,2500.40,024F44D80007577200019C7D001326DF,0250450AFFF35776FFEB9C8EFFED26E9,025D9C46,Passed,Passed,Passed,0251D74476390B466E5000078A520006,0252D755764C0B4D6E3D00038A300002,0253D78E76670B4B6E5600038A560004,0254D744762D0B406E14000A8A050009,0255D78476600B4D6E2900018A190001,0256D7AB766D0B5B6E22FFF28A0AFFF2,0257D70A76150B416E5900078A5B0006,Passed,Passed,Passed,Passed,Passed,Passed,Passed,02586E80000B,02596E6BFFF6,025A6E75FFF6,025B6E640005,Passed,Passed,Passed,Passed,15193,11044,52192,43795,23.93,23.93,23.93,23.96,0,0,0,0,0.09,0.11,0.11,0.10,Passed,Passed,Passed,Passed,Failed,,,,,,,,,,,,,,,,,,,,,,,,,,,,,,,,,,,,,,,,,,,,,,,,,,,,,,,,,,,,,,,,,,,,,,,,,,,,,,,,
S230400255,26/01/2023 10:18:03 a. m.,256.53s,2,Failed,Binary Input 5 High,Passed,Passed,Passed,Passed,Passed,Passed,Passed,Passed,0.1704,25.0990,5.0031,3.3119,5.0586,22.8902,15.6902,Passed,400312202,Passed,014565,2497.14,024F44EE0007577B00009C67000626C7,025044F0FFF05768FFEC9C74FFE826E5,025D9C12,Passed,Passed,Passed,0251D8E1771E0B5C6EA100058AA90006,0252D93077330B606E4500048A490002,0253D919773C0B5F6E2E00038A3A0002,0254D926773A0B5A6E4600078A3F0008,0255D8F777230B5E6E2200018A1D0001,0256D92477440B716E32FFF28A22FFF1,0257D8C177100B5A6E2400078A190007,Passed,Passed,Passed,Passed,Passed,Passed,Passed,02586E7D000B,02596E69FFF4,025A6E24FFF6,025B6E4F0004,Passed,Passed,Passed,Passed,16173,11647,51015,47664,23.93,23.93,23.93,23.95,0,0,0,0,0.11,0.13,0.12,0.10,Passed,Passed,Passed,Passed,Failed,,,,,,,,,,,,,,,,,,,,,,,,,,,,,,,,,,,,,,,,,,,,,,,,,,,,,,,,,,,,,,,,,,,,,,,,,,,,,,,,
S230400255,26/01/2023 10:29:11 a. m.,251.07s,2,Failed,Binary Input 5 High,Passed,Passed,Passed,Passed,Passed,Passed,Passed,Passed,0.1696,25.1056,5.0032,3.3120,5.0586,22.8931,15.5472,Passed,400312202,Passed,014565,2498.38,024F44EC0007577800009C60000726C8,025044EDFFF25765FFED9C6CFFE826ED,025D9C26,Passed,Passed,Passed,0251D8E977250B5C6E9C00068A9F0007,0252D937773C0B616E4100048A430002,0253D92377440B5F6E2B00038A310004,0254D93077400B5B6E4200098A3A0008,0255D901772B0B5F6E1E00018A180000,0256D92D774A0B726E2FFFF18A1DFFF3,0257D8CC77170B5C6E2000078A190006,Passed,Passed,Passed,Passed,Passed,Passed,Passed,02586E76000C,02596E63FFF6,025A6E1DFFF6,025B6E470005,Passed,Passed,Passed,Passed,16173,11348,51979,45963,23.94,23.94,23.94,23.96,0,0,0,0,0.11,0.12,0.11,0.09,Passed,Passed,Passed,Passed,Failed,,,,,,,,,,,,,,,,,,,,,,,,,,,,,,,,,,,,,,,,,,,,,,,,,,,,,,,,,,,,,,,,,,,,,,,,,,,,,,,,
S230400255,26/01/2023 10:37:34 a. m.,337.49s,2,Passed,,Passed,Passed,Passed,Passed,Passed,Passed,Passed,Passed,0.1685,25.1264,5.0032,3.3126,5.0586,22.6483,15.5988,Passed,400312202,Passed,014565,2498.06,024F44ED0006577900009C6B000026CA,025044EEFFF15766FFEB9C75FFE726E8,025D9C21,Passed,Passed,Passed,0251D8ED77230B5D6E9F00058AA80004,0252D93A77340B606E4400048A440003,0253D92777410B606E2C00038A340002,0254D933773F0B5C6E4500078A3E0006,0255D90377240B5E6E2000038A1D0001,0256D93277480B736E32FFF18A23FFF0,0257D8CD77120B5B6E2200088A190007,Passed,Passed,Passed,Passed,Passed,Passed,Passed,02586E78000A,02596E65FFF4,025A6E20FFF5,025B6E4B0005,Passed,Passed,Passed,Passed,15932,11348,51459,46190,23.94,23.94,23.94,23.96,0,0,0,0,0.11,0.12,0.11,0.10,Passed,Passed,Passed,Passed,Passed,Passed,Passed,Passed,Passed,Passed,Passed,Passed,10.02,10.02,10.01,10.05,0.00,0.01,0.00,0.00,10.14,9.99,10.00,9.98,0.00,0.01,0.00,0.00,80.00,80.00,10.04,10.04,10.04,10.04,10.04,10.04,10.04,10.01,10.00,10.00,10.00,10.00,10.00,10.00,9999,10003,10004,10003,10004,10002,10012,10.01,10.01,9971,10024,Passed,Passed,Passed,Passed,9.98,10.00,0.01,0.01,10,20,30,40,50,60,70,80,90,1,2,3,4,5,6,7,8,9,89,88,86,82
S230400176,26/01/2023 10:45:17 a. m.,340.79s,2,Passed,,Passed,Passed,Passed,Passed,Passed,Passed,Passed,Passed,0.1561,24.9089,4.9904,3.3214,5.0516,23.4282,16.4328,Passed,400312202,Passed,014565,2490.56,024F44D30007570700009BE7000626D4,025044DFFFF15702FFEA9BEFFFEC26EA,025D9BA9,Passed,Passed,Passed,0251DA2D77BE0B6A6DFE000689EE0004,0252DA2D77C90B6E6DC3000589AB0004,0253DA4277EE0B736DB80003898F0002,0254DA5277E40B6C6D7B000889390007,0255DA5377EB0B716DDA000489B50001,0256DA4477E00B816DADFFF18985FFF0,0257D9CD77A60B686E02000A89EE0008,Passed,Passed,Passed,Passed,Passed,Passed,Passed,02586E320009,02596E35FFF2,025A6DF1FFF5,025B6DF60007,Passed,Passed,Passed,Passed,16410,14427,54056,43281,23.94,23.94,23.94,23.96,0,0,0,0,0.10,0.12,0.11,0.10,Passed,Passed,Passed,Passed,Passed,Passed,Passed,Passed,Passed,Passed,Passed,Passed,10.07,10.02,10.02,10.05,0.01,0.01,0.01,0.01,10.13,10.12,10.12,10.09,0.04,0.01,0.00,0.00,80.00,80.00,10.04,10.04,10.04,10.04,10.04,10.04,10.04,10.00,10.00,10.00,10.00,10.00,10.00,10.00,10000,10001,10002,10004,10003,10002,10013,10.01,10.01,9991,10027,Passed,Passed,Passed,Passed,10.01,9.99,0.01,0.01,10,20,30,40,50,60,70,80,90,1,2,3,4,5,6,7,8,9,89,88,86,82
S230400224,26/01/2023 10:52:34 a. m.,340.83s,2,Passed,,Passed,Passed,Passed,Passed,Passed,Passed,Passed,Passed,0.1539,24.9215,4.9988,3.3264,5.0640,23.7275,16.5626,Passed,400312202,Passed,014565,2494.80,024F44D500045721FFFF9C26000526E2,02504498FFEF571AFFEB9C31FFED26FB,025D9BED,Passed,Passed,Passed,0251DA4677C80B6B6E0F00058A050004,0252DA6A77E80B736E05000489ED0003,0253DA5777E50B706DAF0003897C0001,0254DA8A78030B706E2200078A140007,0255DA4277E50B736DEA000289D10002,0256DA2277C50B7E6E22FFF18A34FFF0,0257DA5877EA0B6F6DF8000889F40007,Passed,Passed,Passed,Passed,Passed,Passed,Passed,02586E430007,02596E1DFFF4,025A6E30FFF4,025B6E670006,Passed,Passed,Passed,Passed,17561,14427,58190,39590,23.93,23.94,23.94,23.96,0,0,0,0,0.11,0.13,0.12,0.11,Passed,Passed,Passed,Passed,Passed,Passed,Passed,Passed,Passed,Passed,Passed,Passed,10.07,10.03,10.08,10.04,0.00,0.01,0.00,0.01,10.04,10.12,10.06,10.06,0.00,0.02,0.00,0.01,80.00,80.00,10.04,10.04,10.04,10.04,10.04,10.04,10.04,10.00,10.00,10.00,10.00,10.00,10.00,10.00,10000,10002,10002,10003,10003,10004,10013,10.01,10.01,9986,10035,Passed,Passed,Passed,Passed,10.00,9.99,0.01,0.01,10,20,30,40,50,40,60,70,80,1,2,3,4,5,6,7,8,9,89,88,86,82
S230400273,26/01/2023 11:01:00 a. m.,341.90s,2,Passed,,Passed,Passed,Passed,Passed,Passed,Passed,Passed,Passed,0.1553,24.9080,4.9859,3.3163,5.0572,23.8018,16.5397,Passed,400312202,Passed,014565,2489.84,024F44A4000756FA00019BF7000126CA,025044ABFFF2572DFFEC9BF9FFEE26E0,025D9B9E,Passed,Passed,Passed,0251D96A77560B606DE5000589D60005,0252D9D077930B696DAD000589810003,0253D99E77660B606E0B000389E90002,0254D994777C0B626DAA0008897F0007,0255D9CD77970B686DDE000489E00002,0256D9D977A00B7A6D86FFF28965FFF0,0257D9B577890B646DD4000889CC0008,Passed,Passed,Passed,Passed,Passed,Passed,Passed,02586E1E000A,02596DFEFFF4,025A6E52FFF4,025B6DDD0005,Passed,Passed,Passed,Passed,15442,10105,50098,41938,23.94,23.94,23.94,23.96,0,0,0,0,0.07,0.09,0.09,0.08,Passed,Passed,Passed,Passed,Passed,Passed,Passed,Passed,Passed,Passed,Passed,Passed,10.06,10.02,10.05,10.03,0.02,0.01,0.01,0.00,10.06,10.01,10.06,10.04,0.04,0.02,0.01,0.00,80.00,80.00,10.04,10.04,10.04,10.04,10.04,10.04,10.04,10.00,10.00,10.00,10.00,10.00,10.00,10.01,9998,9999,9999,9999,10000,10000,10010,10.01,10.01,9989,10025,Passed,Passed,Passed,Passed,9.98,9.99,0.01,0.01,10,20,30,40,50,60,70,80,90,1,2,3,4,5,6,7,8,9,89,88,86,82
S230400187,26/01/2023 11:08:34 a. m.,339.15s,2,Passed,,Passed,Passed,Passed,Passed,Passed,Passed,Passed,Passed,0.1526,24.7537,5.0113,3.3197,5.0557,23.5798,16.4851,Passed,400312202,Passed,014565,2498.44,024F44FD0006576900009C8DFFF626CF,02504524FFF15786FFEB9C95FFDF26E0,025D9C27,Passed,Passed,Passed,0251D929773A0B5E6E7A00068A790006,0252D97777640B666E5C00038A520004,0253D928774A0B626E4100038A350002,0254D954774E0B5C6E3C00088A3C0008,0255D96777610B646DFA000389DB0002,0256D9A677860B796E36FFF18A23FFF0,0257D92877490B616E7700088A820007,Passed,Passed,Passed,Passed,Passed,Passed,Passed,02586E580009,02596E55FFF4,025A6E70FFF4,025B6E9B0005,Passed,Passed,Passed,Passed,16878,11943,53386,45963,23.94,23.94,23.94,23.96,0,0,0,0,0.07,0.09,0.08,0.07,Passed,Passed,Passed,Passed,Passed,Passed,Passed,Passed,Passed,Passed,Passed,Passed,10.07,10.03,9.96,10.05,0.01,0.01,0.00,0.00,10.03,10.05,10.04,10.10,0.00,0.00,0.00,0.00,80.00,80.00,10.04,10.04,10.04,10.04,10.04,10.04,10.04,10.01,10.00,10.00,10.00,10.00,10.00,10.00,9996,9996,9997,9998,9997,9997,10007,10.01,10.01,9994,10020,Passed,Passed,Passed,Passed,9.98,9.99,0.01,0.01,10,20,30,40,50,60,70,80,90,1,2,3,4,5,6,7,8,9,89,88,86,82
S230400285,26/01/2023 11:14:48 a. m.,343.41s,2,Passed,,Passed,Passed,Passed,Passed,Passed,Passed,Passed,Passed,0.1547,25.0315,4.9745,3.2991,5.0629,23.7283,16.6152,Passed,400312202,Passed,014565,2488.95,024F449C0006570D00009BE5000A26C9,025044B8FFF15703FFEB9BF3FFE626D9,025D9B8F,Passed,Passed,Passed,0251D8B976F10B556DE7000589E00005,0252D907772F0B606DF2000489D20005,0253D8A076E10B546E3400028A130003,0254D8C576F90B546DDA000989CC0007,0255D8CD76FD0B586DB8000489A20001,0256D8AE76E30B666E11FFEF89FCFFEF,0257D8D277160B5A6DC2000889BA0008,Passed,Passed,Passed,Passed,Passed,Passed,Passed,02586E5F000A,02596E45FFF3,025A6E2CFFF4,025B6DED0005,Passed,Passed,Passed,Passed,16410,11348,51633,42687,23.94,23.94,23.94,23.96,0,0,0,0,0.11,0.13,0.12,0.11,Passed,Passed,Passed,Passed,Passed,Passed,Passed,Passed,Passed,Passed,Passed,Passed,10.03,10.02,9.95,10.02,0.01,0.01,0.01,0.01,10.01,10.04,10.07,10.00,0.00,0.03,0.00,0.01,80.00,80.00,10.05,10.05,10.05,10.05,10.05,10.05,10.05,10.00,10.00,10.00,10.00,10.00,10.00,10.00,9997,9998,9997,9998,9998,9998,10008,10.01,10.01,9998,10021,Passed,Passed,Passed,Passed,9.98,9.97,0.01,0.01,10,20,30,40,50,60,70,80,90,2,1,3,8,10,11,9,11,3,89,88,86,82
S230400216,26/01/2023 11:20:50 a. m.,336.31s,2,Passed,,Passed,Passed,Passed,Passed,Passed,Passed,Passed,Passed,0.1709,25.0189,4.9929,3.3190,5.0595,22.9215,15.5097,Passed,400312202,Passed,014565,2492.66,024F449E0007572E00019C25FFFE26E5,0250450CFFF25728FFEB9C1DFFF526E5,025D9BCB,Passed,Passed,Passed,0251D9AD77980B696E3E00068A310006,0252D9DC778C0B686E1300048A000003,0253D9C2778B0B656E4600048A480004,0254D9F477A70B656E3400088A360008,0255D9DB77AA0B6C6E2C00038A2F0002,0256DA1877C90B7E6DDBFFF289BEFFF1,0257D99E779E0B6A6DB7000889800008,Passed,Passed,Passed,Passed,Passed,Passed,Passed,02586E23000A,02596DC9FFF5,025A6DECFFF5,025B6E7C0006,Passed,Passed,Passed,Passed,16646,14685,52064,43984,23.93,23.93,23.93,23.95,0,0,0,0,0.08,0.10,0.11,0.10,Passed,Passed,Passed,Passed,Passed,Passed,Passed,Passed,Passed,Passed,Passed,Passed,10.06,10.01,10.06,10.04,0.01,0.01,0.00,0.01,10.06,10.09,10.07,10.10,0.00,0.02,0.00,0.00,80.00,80.00,10.05,10.05,10.05,10.05,10.05,10.05,10.05,10.01,10.00,10.01,10.00,10.01,10.00,10.01,10001,10001,10002,10001,10001,10002,10012,10.01,10.01,10008,9997,Passed,Passed,Passed,Passed,9.97,9.99,0.01,0.01,10,20,30,40,50,60,70,80,90,1,2,3,4,5,6,7,8,9,89,88,86,82
S230400311,26/01/2023 11:27:03 a. m.,343.37s,2,Passed,,Passed,Passed,Passed,Passed,Passed,Passed,Passed,Passed,0.1541,24.6601,5.0070,3.3164,5.0625,23.6842,16.9567,Passed,400312202,Passed,014565,2496.59,024F44DE0007574C00019C43000E26DA,025044F2FFF15730FFEC9C4BFFEE26EA,025D9C09,Passed,Passed,Passed,0251D966775E0B616E2A00058A180005,0252D93877480B626E2E00038A300003,0253D94077420B5E6DF3000489E00003,0254D989776F0B606E2A00088A0A0008,0255D90277260B5D6E8A00038A8C0002,0256D9D477AB0B7C6DD5FFF189C8FFEF,0257D97277730B646E3300098A360008,Passed,Passed,Passed,Passed,Passed,Passed,Passed,02586E4B0009,02596E1AFFF3,025A6E3FFFF6,025B6E3B0008,Passed,Passed,Passed,Passed,16173,10736,49479,47399,23.93,23.93,23.93,23.96,0,0,0,0,0.11,0.13,0.12,0.11,Passed,Passed,Passed,Passed,Passed,Passed,Passed,Passed,Passed,Passed,Passed,Passed,10.05,10.02,9.94,10.05,0.01,0.01,0.01,0.01,10.07,10.11,10.12,10.08,0.00,0.03,0.04,0.00,80.00,80.00,10.05,10.05,10.05,10.05,10.05,10.05,10.05,10.00,10.01,10.00,10.00,10.00,10.00,10.01,10002,10000,10001,10003,10003,10003,10014,10.01,10.01,10000,10015,Passed,Passed,Passed,Passed,9.98,9.98,0.01,0.01,10,20,30,40,50,60,70,80,90,1,2,3,2,4,5,6,7,15,89,88,86,82
S230400077,26/01/2023 11:33:47 a. m.,339.73s,2,Passed,,Passed,Passed,Passed,Passed,Passed,Passed,Passed,Passed,0.1552,24.8639,5.0009,3.3100,5.0602,23.5587,16.3280,Passed,400312202,Passed,014565,2497.60,024F44FA0007576A00029C5A000226CD,02504511FFF2576FFFED9C59FFF726E9,025D9C1A,Passed,Passed,Passed,0251D90A77280B5A6E2200068A260006,0252D8C976FD0B5B6E2000028A0A0003,0253D92A77480B606DFD000389F70003,0254D8BD77060B566E1C00098A050008,0255D90E77340B616DCD000189AB0000,0256D8FB77160B6A6E1DFFF28A1FFFF2,0257D89076D10B506E3E00088A360006,Passed,Passed,Passed,Passed,Passed,Passed,Passed,02586E3F000B,02596E4AFFF4,025A6E4FFFF6,025B6E860005,Passed,Passed,Passed,Passed,15689,12234,54966,41658,23.93,23.93,23.93,23.95,0,0,0,0,0.10,0.13,0.12,0.11,Passed,Passed,Passed,Passed,Passed,Passed,Passed,Passed,Passed,Passed,Passed,Passed,10.05,10.02,9.98,10.02,0.01,0.01,0.01,0.00,10.07,10.10,10.01,10.03,0.00,0.02,0.00,0.00,80.00,80.00,10.05,10.05,10.05,10.05,10.05,10.05,10.05,10.01,10.01,10.00,10.00,10.00,10.01,10.00,9998,9998,9998,9999,9998,9998,10009,10.01,10.01,9977,10028,Passed,Passed,Passed,Passed,9.96,9.98,0.01,0.01,10,20,30,40,50,40,60,70,80,1,2,3,2,4,5,6,7,8,89,88,86,82
S230400100,26/01/2023 11:34:53 a. m.,4.68s,2,Failed,Presence Rivet 1,Failed,,,,,,,,,,,,,,,,,,,,,,,,,,,,,,,,,,,,,,,,,,,,,,,,,,,,,,,,,,,,,,,,,,,,,,,,,,,,,,,,,,,,,,,,,,,,,,,,,,,,,,,,,,,,,,,,,,,,,,,,,,,,,,,,,,,,,,,,,,,,,,,,,,,,
S230400100,26/01/2023 11:35:28 a. m.,4.86s,2,Failed,Presence Rivet 1,Failed,,,,,,,,,,,,,,,,,,,,,,,,,,,,,,,,,,,,,,,,,,,,,,,,,,,,,,,,,,,,,,,,,,,,,,,,,,,,,,,,,,,,,,,,,,,,,,,,,,,,,,,,,,,,,,,,,,,,,,,,,,,,,,,,,,,,,,,,,,,,,,,,,,,,
